,"last_name, first_name",player_id,team_name_alt,pitch_type,pitch_name,run_value_per_100,run_value,pitches,pitch_usage,pa,ba,slg,woba,whiff_percent,k_percent,put_away,est_ba,est_slg,est_woba,hard_hit_percent
0,"Burnes, Corbin",669203,MIL,FC,Cutter,1.0,18,1706,55.4,455,0.209,0.34,0.298,22.7,19.8,22.1,0.245,0.387,0.323,34.1
1,"Javier, Cristian",664299,HOU,FF,4-Seam Fastball,0.7,12,1682,58.4,450,0.236,0.455,0.331,26.5,21.8,19.0,0.233,0.489,0.343,41.3
2,"Strider, Spencer",675911,ATL,FF,4-Seam Fastball,0.1,2,1826,58.9,435,0.256,0.431,0.339,28.7,28.5,22.3,0.24,0.418,0.317,40.7
3,"Webb, Logan",657277,SF,CH,Changeup,2.1,28,1324,41.6,433,0.225,0.309,0.254,22.8,21.2,19.8,0.236,0.322,0.257,44.0
4,"Cole, Gerrit",543037,NYY,FF,4-Seam Fastball,1.7,29,1739,53.0,429,0.201,0.332,0.275,22.7,28.2,21.6,0.224,0.401,0.303,45.7
5,"Steele, Justin",657006,CHC,FF,4-Seam Fastball,0.9,15,1676,62.6,429,0.275,0.393,0.33,20.3,19.1,19.9,0.28,0.406,0.327,36.1
6,"Gausman, Kevin",592332,TOR,FF,4-Seam Fastball,1.0,16,1561,50.9,411,0.243,0.409,0.316,17.2,26.5,24.6,0.271,0.483,0.348,52.6
7,"Corbin, Patrick",571578,WSH,SI,Sinker,-0.2,-3,1218,41.7,408,0.32,0.463,0.378,7.4,10.5,13.8,0.312,0.47,0.365,44.2
8,"Gallen, Zac",668678,AZ,FF,4-Seam Fastball,1.7,27,1601,49.3,405,0.237,0.358,0.289,19.2,22.7,21.7,0.255,0.441,0.326,51.4
9,"Valdez, Framber",664285,HOU,SI,Sinker,0.8,11,1380,46.7,390,0.274,0.455,0.354,12.6,9.0,20.7,0.308,0.517,0.39,50.2
10,"Bassitt, Chris",605135,TOR,SI,Sinker,2.2,27,1234,39.3,373,0.22,0.336,0.293,14.4,16.4,19.2,0.251,0.396,0.316,38.6
11,"Kopech, Michael",656629,CWS,FF,4-Seam Fastball,-0.3,-4,1492,61.4,369,0.244,0.462,0.396,26.4,21.1,20.7,0.24,0.446,0.391,43.8
12,"Sears, JP",676664,OAK,FF,4-Seam Fastball,0.1,2,1437,50.1,369,0.256,0.478,0.365,21.7,23.6,17.8,0.248,0.467,0.349,43.5
13,"Montgomery, Jordan",656756,TEX,SI,Sinker,1.3,16,1245,42.6,362,0.255,0.374,0.319,14.1,14.9,18.2,0.275,0.426,0.334,42.2
14,"Ryan, Joe",657746,MIN,FF,4-Seam Fastball,0.8,13,1526,56.9,357,0.24,0.457,0.316,28.7,33.6,23.2,0.208,0.381,0.274,44.0
15,"Nelson, Ryne",669194,AZ,FF,4-Seam Fastball,-0.6,-7,1285,54.6,354,0.308,0.553,0.388,16.7,14.4,13.1,0.295,0.554,0.385,47.4
16,"Ashcraft, Graham",668933,CIN,FC,Cutter,0.1,1,1229,52.9,352,0.292,0.436,0.367,17.1,11.4,14.3,0.294,0.425,0.359,39.9
17,"Luzardo, Jesús",666200,MIA,FF,4-Seam Fastball,1.1,15,1367,45.7,348,0.232,0.384,0.316,19.4,19.5,17.9,0.268,0.479,0.35,44.8
18,"Waldichuk, Ken",686610,OAK,FF,4-Seam Fastball,-0.3,-4,1387,54.3,346,0.275,0.493,0.394,17.8,15.6,13.6,0.252,0.463,0.366,42.6
19,"Snell, Blake",605483,SD,FF,4-Seam Fastball,0.3,5,1541,48.6,344,0.255,0.389,0.368,19.5,18.9,18.6,0.288,0.5,0.404,43.4
20,"Singer, Brady",663903,KC,SI,Sinker,-0.9,-12,1331,51.0,341,0.339,0.555,0.42,11.3,13.8,16.8,0.305,0.518,0.38,49.0
21,"Peralta, Freddy",642547,MIL,FF,4-Seam Fastball,0.8,12,1453,51.2,340,0.213,0.387,0.297,29.2,31.5,20.7,0.212,0.362,0.287,43.5
22,"Gore, MacKenzie",669022,WSH,FF,4-Seam Fastball,-0.2,-3,1464,59.5,338,0.279,0.503,0.378,21.6,22.2,17.5,0.279,0.518,0.378,46.6
23,"Verlander, Justin",434378,HOU,FF,4-Seam Fastball,0.9,12,1302,50.0,334,0.235,0.417,0.322,18.1,16.5,18.0,0.254,0.464,0.337,50.4
24,"Morton, Charlie",450203,ATL,CU,Curveball,2.0,25,1228,43.2,334,0.177,0.258,0.242,42.0,37.1,26.4,0.19,0.29,0.253,31.6
25,"Williams, Trevor",592866,WSH,FF,4-Seam Fastball,-0.7,-8,1133,43.2,331,0.283,0.563,0.385,16.7,19.9,17.1,0.274,0.538,0.368,40.9
26,"Cease, Dylan",656302,CWS,SL,Slider,0.8,10,1260,38.6,331,0.216,0.339,0.286,43.3,36.0,23.1,0.217,0.324,0.275,43.2
27,"Cease, Dylan",656302,CWS,FF,4-Seam Fastball,-0.2,-3,1408,43.2,330,0.273,0.436,0.37,20.5,20.9,17.9,0.25,0.399,0.341,40.5
28,"Smyly, Drew",592767,CHC,CU,Curveball,-0.3,-4,1186,49.4,330,0.229,0.399,0.311,36.0,30.0,23.6,0.193,0.308,0.247,24.5
29,"Lynn, Lance",458681,LAD,FF,4-Seam Fastball,-0.7,-10,1385,43.7,327,0.255,0.52,0.367,31.6,27.8,21.2,0.248,0.497,0.349,46.1
30,"Heaney, Andrew",571760,TEX,FF,4-Seam Fastball,0.0,1,1506,57.9,327,0.236,0.431,0.348,25.6,25.4,17.8,0.218,0.43,0.336,40.2
31,"Giolito, Lucas",608337,CLE,FF,4-Seam Fastball,-0.6,-8,1338,41.9,325,0.262,0.546,0.381,20.0,24.9,20.5,0.264,0.512,0.369,50.2
32,"Oviedo, Johan",670912,PIT,SL,Slider,1.1,12,1095,36.7,324,0.21,0.349,0.312,32.6,27.2,23.3,0.223,0.35,0.303,36.6
33,"Singer, Brady",663903,KC,SL,Slider,-0.2,-2,1099,42.1,322,0.241,0.397,0.3,33.2,25.2,22.1,0.249,0.399,0.305,49.5
34,"Wheeler, Zack",554430,PHI,FF,4-Seam Fastball,1.2,17,1370,43.4,320,0.199,0.333,0.266,31.4,32.2,23.7,0.198,0.335,0.259,43.1
35,"Castillo, Luis",622491,SEA,FF,4-Seam Fastball,1.3,19,1423,44.4,320,0.165,0.384,0.282,33.0,32.8,21.1,0.183,0.42,0.299,47.2
36,"Miller, Bryce",682243,SEA,FF,4-Seam Fastball,0.0,0,1224,58.4,312,0.256,0.45,0.333,27.1,26.3,21.6,0.254,0.46,0.331,40.6
37,"Gilbert, Logan",669302,SEA,FF,4-Seam Fastball,0.0,0,1223,41.9,312,0.28,0.491,0.358,17.7,17.0,16.7,0.274,0.505,0.353,55.0
38,"Kirby, George",669923,SEA,FF,4-Seam Fastball,1.3,14,1112,39.4,306,0.234,0.392,0.288,28.0,28.4,21.7,0.248,0.435,0.306,43.2
39,"Oviedo, Johan",670912,PIT,FF,4-Seam Fastball,-1.0,-12,1169,39.2,305,0.277,0.477,0.376,18.3,16.1,16.8,0.278,0.477,0.373,47.2
40,"Megill, Tylor",656731,NYM,FF,4-Seam Fastball,-0.6,-7,1245,55.7,304,0.314,0.494,0.407,18.4,13.8,14.9,0.312,0.546,0.408,48.6
41,"Gausman, Kevin",592332,TOR,FS,Split-Finger,0.3,4,1177,38.4,303,0.201,0.307,0.266,43.2,41.9,23.8,0.176,0.272,0.238,29.3
42,"Hendricks, Kyle",543294,CHC,CH,Changeup,1.4,12,867,41.1,298,0.18,0.279,0.233,32.4,23.5,18.6,0.204,0.286,0.234,17.8
43,"Elder, Bryce",693821,ATL,SI,Sinker,0.1,2,1075,37.7,297,0.278,0.4,0.354,13.4,11.8,14.3,0.302,0.444,0.368,45.7
44,"Cobb, Alex",502171,SF,FS,Split-Finger,0.4,4,971,38.7,297,0.239,0.386,0.295,24.6,19.2,17.2,0.277,0.431,0.316,44.5
45,"Greene, Hunter",668881,CIN,FF,4-Seam Fastball,-1.1,-12,1136,54.4,295,0.265,0.518,0.39,25.2,26.8,20.4,0.235,0.441,0.345,50.0
46,"Walker, Taijuan",592836,PHI,FS,Split-Finger,0.5,5,942,33.2,295,0.205,0.295,0.269,24.4,21.7,18.2,0.233,0.343,0.289,44.9
47,"Dunning, Dane",641540,TEX,SI,Sinker,1.9,17,893,33.1,294,0.246,0.354,0.309,8.0,17.0,18.7,0.27,0.42,0.336,45.8
48,"Pivetta, Nick",601713,BOS,FF,4-Seam Fastball,0.6,7,1206,50.6,290,0.214,0.44,0.331,24.7,28.3,22.5,0.229,0.428,0.329,48.0
49,"Gray, Jon",592351,TEX,FF,4-Seam Fastball,-2.0,-20,1014,42.4,287,0.346,0.551,0.423,17.9,18.1,17.4,0.317,0.513,0.397,46.4
50,"Stroman, Marcus",573186,CHC,SI,Sinker,0.1,1,1022,46.4,287,0.245,0.332,0.331,14.3,13.6,21.2,0.294,0.411,0.35,46.7
51,"Manaea, Sean",640455,SF,FF,4-Seam Fastball,0.5,5,1155,56.3,285,0.238,0.393,0.328,23.3,27.4,18.8,0.251,0.423,0.33,43.2
52,"Pérez, Martín",527048,TEX,SI,Sinker,0.8,8,953,42.9,284,0.244,0.394,0.336,9.7,16.5,17.9,0.261,0.434,0.346,40.8
53,"Bibee, Tanner",676440,CLE,FF,4-Seam Fastball,0.9,10,1095,47.1,284,0.243,0.348,0.312,19.0,19.0,18.1,0.272,0.426,0.348,48.5
54,"Clevinger, Mike",605182,CWS,FF,4-Seam Fastball,0.3,3,1001,47.7,279,0.284,0.496,0.37,16.9,19.7,18.2,0.249,0.46,0.335,43.1
55,"Strider, Spencer",675911,ATL,SL,Slider,1.1,12,1048,33.8,273,0.154,0.269,0.223,55.3,50.9,33.2,0.162,0.259,0.222,33.3
56,"Brown, Hunter",686613,HOU,FF,4-Seam Fastball,-0.3,-4,1253,46.1,267,0.271,0.511,0.386,22.3,25.5,20.0,0.231,0.413,0.335,44.9
57,"Flaherty, Jack",656427,BAL,FF,4-Seam Fastball,-0.5,-5,1097,41.6,265,0.29,0.411,0.364,20.8,25.7,20.4,0.247,0.383,0.335,38.6
58,"Nola, Aaron",605400,PHI,CU,Curveball,0.0,0,977,31.6,264,0.221,0.398,0.302,33.3,29.9,22.2,0.22,0.366,0.272,30.4
59,"Bello, Brayan",678394,BOS,SI,Sinker,0.8,7,951,36.3,264,0.278,0.435,0.365,16.0,12.5,15.3,0.285,0.431,0.343,51.5
60,"Hill, Rich",448179,SD,CU,Curveball,-1.5,-14,913,36.1,263,0.283,0.47,0.38,17.4,18.6,16.1,0.286,0.464,0.363,38.5
61,"Cobb, Alex",502171,SF,SI,Sinker,0.4,4,994,39.7,263,0.28,0.435,0.36,12.9,19.0,15.6,0.285,0.45,0.358,41.5
62,"Steele, Justin",657006,CHC,SL,Slider,0.3,2,908,33.9,263,0.217,0.346,0.269,31.1,33.8,20.7,0.203,0.309,0.236,37.3
63,"Houser, Adrian",605288,MIL,SI,Sinker,0.3,2,875,47.1,260,0.296,0.396,0.338,12.9,18.8,21.3,0.287,0.429,0.333,46.6
64,"Berríos, José",621244,TOR,SI,Sinker,0.3,3,925,31.5,259,0.255,0.398,0.343,13.1,18.5,20.9,0.275,0.458,0.352,36.4
65,"López, Pablo",641154,MIN,FF,4-Seam Fastball,0.6,6,1043,34.5,257,0.268,0.468,0.35,31.5,33.5,26.5,0.222,0.388,0.3,44.5
66,"Mikolas, Miles",571945,STL,SI,Sinker,-1.4,-11,779,24.4,254,0.34,0.54,0.408,8.5,13.0,15.6,0.349,0.593,0.418,44.1
67,"Allen, Logan",671106,CLE,FF,4-Seam Fastball,-0.2,-2,963,45.1,254,0.257,0.482,0.365,17.7,17.3,17.1,0.267,0.48,0.363,45.6
68,"Kershaw, Clayton",477132,LAD,SL,Slider,2.0,18,879,43.4,254,0.167,0.338,0.265,36.2,31.1,25.6,0.216,0.376,0.282,46.8
69,"Kremer, Dean",665152,BAL,FF,4-Seam Fastball,1.1,12,1084,37.1,254,0.252,0.409,0.325,26.2,26.8,17.8,0.26,0.457,0.335,44.5
70,"Ober, Bailey",641927,MIN,FF,4-Seam Fastball,0.6,6,1063,45.7,252,0.232,0.425,0.314,27.7,25.8,18.3,0.21,0.437,0.306,41.8
71,"Detmers, Reid",672282,LAA,FF,4-Seam Fastball,-0.9,-10,1123,43.2,252,0.291,0.505,0.383,21.2,20.2,17.4,0.29,0.491,0.382,48.0
72,"Gibson, Kyle",502043,BAL,SI,Sinker,0.2,1,794,26.1,251,0.289,0.459,0.371,11.0,15.5,18.9,0.292,0.472,0.373,54.9
73,"Alcantara, Sandy",645261,MIA,SI,Sinker,1.7,14,790,29.0,251,0.237,0.366,0.308,12.4,12.4,18.6,0.293,0.47,0.365,39.2
74,"France, J.P.",641585,HOU,FF,4-Seam Fastball,-0.3,-2,949,43.1,250,0.308,0.481,0.395,10.6,10.4,11.8,0.317,0.573,0.419,50.5
75,"Kikuchi, Yusei",579328,TOR,FF,4-Seam Fastball,0.1,2,1271,45.1,250,0.27,0.412,0.336,26.8,25.6,19.0,0.24,0.404,0.312,46.6
76,"Weaver, Luke",596133,NYY,FF,4-Seam Fastball,-1.3,-13,984,43.6,249,0.311,0.543,0.407,17.5,18.9,15.5,0.289,0.499,0.372,47.1
77,"Kikuchi, Yusei",579328,TOR,SL,Slider,1.0,8,731,25.9,249,0.225,0.396,0.302,30.2,29.7,24.0,0.251,0.46,0.334,41.6
78,"Webb, Logan",657277,SF,SI,Sinker,0.1,1,1068,33.6,248,0.313,0.481,0.376,10.4,15.3,21.2,0.311,0.503,0.368,52.3
79,"Eflin, Zach",621107,TB,SI,Sinker,1.4,12,823,31.9,246,0.259,0.315,0.295,12.9,25.2,26.2,0.24,0.343,0.273,38.6
80,"Smyly, Drew",592767,CHC,SI,Sinker,-1.1,-11,933,38.9,246,0.314,0.6,0.426,17.3,15.0,15.9,0.297,0.524,0.389,44.6
81,"Senga, Kodai",673540,NYM,FF,4-Seam Fastball,0.3,3,1033,37.0,244,0.244,0.399,0.338,17.3,25.0,20.2,0.269,0.439,0.354,49.0
82,"Detmers, Reid",672282,LAA,SL,Slider,0.3,3,802,30.9,243,0.236,0.336,0.291,33.8,30.9,23.4,0.25,0.366,0.305,44.1
83,"Paxton, James",572020,BOS,FF,4-Seam Fastball,0.1,1,957,56.6,243,0.269,0.498,0.359,21.7,19.3,18.3,0.264,0.461,0.343,44.5
84,"Giolito, Lucas",608337,CLE,CH,Changeup,0.1,1,902,28.3,242,0.209,0.442,0.33,35.2,26.9,21.0,0.213,0.403,0.306,30.5
85,"Elder, Bryce",693821,ATL,SL,Slider,0.7,7,1006,35.3,241,0.21,0.393,0.294,33.7,26.6,19.6,0.216,0.385,0.287,42.2
86,"Abbott, Andrew",671096,CIN,FF,4-Seam Fastball,0.5,5,949,50.0,241,0.249,0.459,0.355,19.8,27.0,21.4,0.258,0.468,0.361,51.0
87,"Rodriguez, Eduardo",593958,DET,FF,4-Seam Fastball,0.6,7,1076,44.0,241,0.278,0.431,0.34,22.2,20.7,19.0,0.272,0.444,0.341,44.6
88,"Gomber, Austin",596295,COL,FF,4-Seam Fastball,-2.0,-19,949,43.9,241,0.344,0.656,0.463,11.8,8.7,11.4,0.35,0.613,0.439,54.4
89,"Scherzer, Max",453286,TEX,FF,4-Seam Fastball,0.5,6,1142,46.3,240,0.255,0.458,0.34,23.8,18.8,16.9,0.233,0.457,0.327,43.0
90,"Anderson, Tyler",542881,LAA,FF,4-Seam Fastball,-1.3,-12,907,37.3,239,0.301,0.566,0.418,19.3,11.7,10.6,0.292,0.501,0.401,37.1
91,"Junis, Jakob",596001,SF,SL,Slider,0.6,5,868,62.5,239,0.216,0.369,0.284,32.5,32.2,24.4,0.216,0.365,0.271,31.1
92,"Morton, Charlie",450203,ATL,FF,4-Seam Fastball,-1.3,-12,898,31.6,239,0.297,0.487,0.409,22.5,17.6,16.5,0.297,0.502,0.398,46.8
93,"Corbin, Patrick",571578,WSH,SL,Slider,-0.6,-7,1024,35.0,237,0.233,0.461,0.339,39.7,27.4,19.9,0.266,0.516,0.354,38.7
94,"Garrett, Braxton",666129,MIA,SI,Sinker,0.7,6,786,31.7,234,0.256,0.377,0.31,10.7,21.4,24.0,0.265,0.395,0.313,48.8
95,"Lyles, Jordan",543475,KC,FF,4-Seam Fastball,-0.2,-2,859,30.5,233,0.223,0.442,0.329,15.5,12.9,16.2,0.253,0.478,0.345,37.4
96,"Gilbert, Logan",669302,SEA,SL,Slider,1.7,15,867,29.7,233,0.211,0.349,0.273,32.2,22.7,21.7,0.233,0.36,0.276,38.7
97,"Matz, Steven",571927,STL,SI,Sinker,0.7,8,1046,56.1,230,0.24,0.397,0.323,24.7,23.0,16.1,0.226,0.354,0.296,40.8
98,"Rodriguez, Grayson",680570,BAL,FF,4-Seam Fastball,-0.6,-7,1043,49.6,229,0.342,0.535,0.409,24.1,23.6,16.8,0.311,0.494,0.38,50.7
99,"Eovaldi, Nathan",543135,TEX,FF,4-Seam Fastball,0.6,5,831,37.2,228,0.234,0.423,0.333,18.3,24.1,19.2,0.257,0.45,0.344,46.9
100,"Gray, Jon",592351,TEX,SL,Slider,2.0,16,801,33.5,228,0.194,0.275,0.231,36.7,33.3,27.7,0.196,0.293,0.236,34.5
101,"Bradley, Taj",671737,TB,FF,4-Seam Fastball,-0.6,-5,818,44.9,226,0.277,0.559,0.398,19.1,23.5,19.6,0.264,0.492,0.368,46.2
102,"Berríos, José",621244,TOR,SV,Slurve,0.6,5,870,29.6,225,0.216,0.357,0.27,30.5,28.0,21.8,0.255,0.444,0.314,33.1
103,"Glasnow, Tyler",607192,TB,FF,4-Seam Fastball,0.1,1,819,43.2,223,0.236,0.41,0.332,24.9,26.9,24.3,0.239,0.435,0.333,45.6
104,"Bird, Jake",656234,COL,SI,Sinker,-0.3,-2,827,59.5,222,0.32,0.402,0.362,13.5,9.0,14.4,0.306,0.426,0.362,47.5
105,"Seabold, Connor",657756,COL,FF,4-Seam Fastball,-2.2,-19,850,54.4,221,0.338,0.605,0.43,18.6,17.6,16.3,0.285,0.511,0.367,47.8
106,"Ryan, Joe",657746,MIN,FS,Split-Finger,-0.5,-4,731,27.2,220,0.242,0.415,0.308,21.3,21.4,16.8,0.239,0.409,0.295,40.1
107,"Wacha, Michael",608379,SD,CH,Changeup,1.6,12,766,34.5,219,0.207,0.346,0.26,35.9,32.0,20.8,0.189,0.309,0.234,25.9
108,"Giolito, Lucas",608337,CLE,SL,Slider,-0.9,-8,901,28.2,218,0.236,0.438,0.319,34.5,25.7,20.1,0.234,0.4,0.295,40.5
109,"Pallante, Andre",669467,STL,FF,4-Seam Fastball,2.5,19,757,66.5,217,0.254,0.323,0.311,14.0,9.7,13.0,0.252,0.316,0.302,43.5
110,"Ashcraft, Graham",668933,CIN,SL,Slider,-0.7,-6,868,37.3,217,0.221,0.461,0.31,32.9,31.3,23.1,0.22,0.415,0.293,30.9
111,"Keller, Mitch",656605,PIT,FF,4-Seam Fastball,0.6,5,814,26.1,215,0.176,0.351,0.279,30.2,43.3,25.8,0.177,0.343,0.28,41.2
112,"Medina, Luis",665622,OAK,FF,4-Seam Fastball,-0.5,-4,808,41.5,215,0.272,0.494,0.388,12.1,11.6,12.4,0.27,0.479,0.375,39.5
113,"Bradish, Kyle",680694,BAL,SL,Slider,1.6,14,824,31.2,214,0.168,0.272,0.218,36.4,35.0,24.4,0.2,0.366,0.264,35.9
114,"Finnegan, Kyle",640448,WSH,FF,4-Seam Fastball,0.8,6,774,70.0,212,0.271,0.441,0.351,21.2,18.9,16.3,0.287,0.459,0.356,48.7
115,"Germán, Domingo",593334,NYY,CU,Curveball,0.7,5,676,40.9,212,0.174,0.344,0.27,39.3,36.8,32.5,0.178,0.319,0.249,35.9
116,"Fujinami, Shintaro",660261,BAL,FF,4-Seam Fastball,-0.9,-7,794,56.6,210,0.243,0.385,0.365,25.5,19.5,23.6,0.226,0.392,0.345,42.6
117,"Tonkin, Michael",543859,ATL,SI,Sinker,0.4,3,785,61.2,209,0.226,0.421,0.303,22.3,23.0,18.7,0.253,0.464,0.331,44.5
118,"Urías, Julio",628711,LAD,FF,4-Seam Fastball,0.7,6,833,45.1,208,0.267,0.503,0.35,21.8,19.7,19.4,0.279,0.504,0.358,40.7
119,"Foley, Jason",671345,DET,SI,Sinker,2.7,20,723,69.1,208,0.237,0.323,0.287,15.0,21.6,22.4,0.254,0.365,0.285,42.9
120,"Clase, Emmanuel",661403,CLE,FC,Cutter,0.3,2,757,67.6,207,0.267,0.374,0.307,25.8,17.9,19.5,0.253,0.372,0.287,38.1
121,"Freeland, Kyle",607536,COL,SI,Sinker,-1.5,-10,683,28.3,207,0.353,0.537,0.427,9.1,7.2,11.6,0.347,0.605,0.427,52.0
122,"Schmidt, Clarke",657376,NYY,FC,Cutter,0.0,0,758,27.9,205,0.28,0.457,0.35,22.2,17.6,15.0,0.241,0.395,0.305,34.6
123,"Bickford, Phil",641360,NYM,FF,4-Seam Fastball,1.4,12,873,71.0,205,0.183,0.29,0.286,30.0,27.8,21.0,0.219,0.376,0.325,39.1
124,"Hill, Rich",448179,SD,FF,4-Seam Fastball,-0.3,-3,865,34.2,204,0.249,0.454,0.334,21.8,26.0,23.2,0.268,0.487,0.351,45.5
125,"Wentz, Joey",666214,DET,FF,4-Seam Fastball,-2.9,-23,803,41.6,204,0.374,0.682,0.479,19.0,17.6,15.7,0.321,0.634,0.437,57.3
126,"Kremer, Dean",665152,BAL,FC,Cutter,-0.7,-5,700,23.9,203,0.222,0.416,0.322,27.7,22.7,20.5,0.251,0.466,0.337,38.8
127,"Kelly, Merrill",518876,AZ,FF,4-Seam Fastball,-0.1,-1,842,30.0,203,0.224,0.489,0.348,25.9,27.6,22.9,0.231,0.424,0.33,53.3
128,"Gray, Sonny",543243,MIN,ST,Sweeper,3.2,19,576,20.4,203,0.097,0.118,0.115,41.3,53.2,27.3,0.135,0.19,0.159,34.1
129,"Anderson, Tyler",542881,LAA,CH,Changeup,0.6,5,822,33.8,202,0.238,0.381,0.284,39.8,29.7,22.5,0.218,0.353,0.264,24.2
130,"Blach, Ty",621389,COL,SI,Sinker,-0.9,-6,695,55.0,202,0.322,0.561,0.407,10.2,15.8,17.9,0.335,0.58,0.416,46.7
131,"Mikolas, Miles",571945,STL,FF,4-Seam Fastball,-0.3,-2,831,26.0,201,0.29,0.495,0.353,18.9,19.4,14.3,0.279,0.469,0.338,55.3
132,"Nola, Aaron",605400,PHI,FF,4-Seam Fastball,0.2,1,913,29.6,201,0.25,0.511,0.349,21.7,24.4,19.5,0.22,0.456,0.313,46.7
133,"Luzardo, Jesús",666200,MIA,SL,Slider,-0.5,-4,863,28.9,201,0.233,0.389,0.292,51.8,52.7,30.1,0.17,0.288,0.214,43.7
134,"Muller, Kyle",666205,OAK,FF,4-Seam Fastball,-2.4,-18,751,51.7,201,0.395,0.663,0.486,15.9,11.4,12.5,0.358,0.648,0.461,62.3
135,"Barria, Jaime",642545,LAA,SL,Slider,-0.5,-3,684,50.7,200,0.242,0.452,0.333,26.0,20.0,20.5,0.252,0.436,0.316,32.7
136,"López, Pablo",641154,MIN,CH,Changeup,0.6,4,638,21.1,200,0.257,0.41,0.335,28.4,22.5,21.0,0.225,0.337,0.283,36.0
137,"Keller, Mitch",656605,PIT,SI,Sinker,1.6,11,707,22.7,199,0.258,0.346,0.309,10.5,18.1,26.1,0.237,0.341,0.285,35.1
138,"Miley, Wade",489119,MIL,FC,Cutter,1.1,9,829,44.3,198,0.232,0.446,0.332,17.2,10.6,13.4,0.271,0.463,0.348,32.3
139,"Estévez, Carlos",608032,LAA,FF,4-Seam Fastball,1.0,8,753,66.8,197,0.24,0.339,0.315,28.5,31.0,21.5,0.222,0.371,0.311,44.5
140,"Kirby, George",669923,SEA,SI,Sinker,0.7,4,609,21.6,197,0.261,0.383,0.303,13.1,18.3,17.5,0.288,0.415,0.32,40.5
141,"Crawford, Kutter",676710,BOS,FF,4-Seam Fastball,1.1,9,823,39.2,197,0.163,0.326,0.27,25.8,36.5,24.5,0.178,0.327,0.267,42.2
142,"Gallen, Zac",668678,AZ,CU,Curveball,-0.1,-1,738,22.7,195,0.21,0.344,0.268,40.6,39.5,25.1,0.229,0.361,0.275,47.7
143,"McClanahan, Shane",663556,TB,FF,4-Seam Fastball,0.1,0,763,41.9,195,0.269,0.479,0.38,23.3,20.0,16.1,0.275,0.485,0.375,46.9
144,"Lorenzen, Michael",547179,PHI,FF,4-Seam Fastball,1.2,10,821,34.7,195,0.211,0.333,0.302,17.1,21.0,17.1,0.235,0.458,0.338,48.9
145,"Mikolas, Miles",571945,STL,SL,Slider,0.9,7,776,24.3,195,0.245,0.375,0.294,22.4,17.9,16.4,0.248,0.412,0.3,32.5
146,"Senga, Kodai",673540,NYM,FC,Cutter,2.5,18,699,25.0,194,0.244,0.339,0.32,18.2,8.8,16.8,0.271,0.408,0.341,36.6
147,"Williamson, Brandon",682227,CIN,FF,4-Seam Fastball,-0.4,-3,720,37.1,194,0.269,0.433,0.346,17.1,17.5,14.5,0.279,0.433,0.349,47.1
148,"Gray, Sonny",543243,MIN,FF,4-Seam Fastball,0.7,5,766,27.2,194,0.301,0.422,0.37,16.4,8.2,13.3,0.299,0.43,0.354,39.5
149,"Sandoval, Patrick",663776,LAA,CH,Changeup,0.1,1,675,25.8,193,0.184,0.33,0.273,43.2,30.6,21.5,0.221,0.387,0.289,27.5
150,"Chirinos, Yonny",630023,ATL,SI,Sinker,-0.7,-4,629,46.9,193,0.299,0.494,0.375,11.1,8.3,13.1,0.315,0.514,0.385,51.3
151,"Lugo, Seth",607625,SD,FF,4-Seam Fastball,0.9,7,756,31.8,193,0.246,0.464,0.33,21.5,31.6,23.5,0.255,0.497,0.34,55.5
152,"Lyles, Jordan",543475,KC,ST,Sweeper,-1.3,-9,694,24.6,193,0.281,0.546,0.373,24.9,16.1,14.0,0.256,0.455,0.317,25.3
153,"Holmes, Clay",605280,NYY,SI,Sinker,0.0,0,709,69.2,192,0.256,0.339,0.325,17.6,15.6,18.2,0.249,0.338,0.306,45.3
154,"Severino, Luis",622663,NYY,FF,4-Seam Fastball,-2.0,-14,734,44.9,191,0.355,0.692,0.471,19.6,19.9,15.8,0.311,0.587,0.407,54.1
155,"DeSclafani, Anthony",543101,SF,SL,Slider,0.7,5,694,44.8,191,0.257,0.429,0.328,26.9,19.9,22.8,0.266,0.447,0.323,41.5
156,"Keller, Mitch",656605,PIT,FC,Cutter,-0.6,-4,756,24.2,191,0.318,0.506,0.377,23.6,14.1,23.1,0.308,0.459,0.354,30.7
157,"Ohtani, Shohei",660271,LAA,ST,Sweeper,1.3,9,734,35.1,190,0.142,0.337,0.267,36.5,37.4,30.6,0.159,0.313,0.257,33.7
158,"Kimbrel, Craig",518886,PHI,FF,4-Seam Fastball,1.3,10,754,67.2,190,0.185,0.346,0.288,30.6,34.7,26.5,0.185,0.345,0.293,48.0
159,"Alcantara, Sandy",645261,MIA,CH,Changeup,-0.6,-5,744,27.3,190,0.282,0.401,0.331,29.9,19.5,16.2,0.262,0.386,0.305,40.8
160,"Senga, Kodai",673540,NYM,FS,Split-Finger,1.6,11,664,23.8,188,0.11,0.147,0.195,59.5,58.5,28.2,0.103,0.147,0.186,22.2
161,"Suárez, Ranger",624133,PHI,SI,Sinker,0.0,0,567,28.0,188,0.289,0.409,0.365,10.0,18.6,26.3,0.27,0.367,0.332,39.1
162,"Garrett, Braxton",666129,MIA,SL,Slider,1.4,9,643,25.9,188,0.168,0.301,0.245,40.7,38.8,22.6,0.215,0.342,0.274,37.0
163,"Valdez, Framber",664285,HOU,CU,Curveball,1.2,9,746,25.3,188,0.158,0.211,0.207,40.2,45.2,26.5,0.18,0.258,0.232,39.8
164,"Lugo, Seth",607625,SD,CU,Curveball,-0.3,-2,729,30.7,187,0.266,0.356,0.306,26.3,20.9,17.0,0.281,0.433,0.323,40.3
165,"Flaherty, Jack",656427,BAL,SL,Slider,-0.8,-5,647,24.6,187,0.339,0.558,0.41,26.5,15.0,14.9,0.326,0.521,0.393,43.6
166,"Gray, Josiah",680686,WSH,SL,Slider,0.3,2,693,24.6,187,0.239,0.405,0.33,34.8,23.5,20.8,0.256,0.431,0.345,33.6
167,"Hendricks, Kyle",543294,CHC,SI,Sinker,0.1,1,739,35.1,187,0.318,0.46,0.352,8.0,6.4,9.5,0.327,0.489,0.364,39.5
168,"Schmidt, Clarke",657376,NYY,SI,Sinker,-0.2,-2,653,24.1,187,0.288,0.447,0.361,11.0,11.2,15.7,0.308,0.492,0.374,52.0
169,"Ferguson, Caleb",657571,LAD,FF,4-Seam Fastball,-0.4,-3,708,66.5,186,0.277,0.34,0.344,26.0,24.7,22.4,0.252,0.335,0.315,42.1
170,"Taillon, Jameson",592791,CHC,FF,4-Seam Fastball,-1.1,-9,863,34.1,186,0.261,0.553,0.394,20.4,22.6,15.6,0.286,0.598,0.413,53.8
171,"Ober, Bailey",641927,MIN,CH,Changeup,1.2,8,652,28.0,185,0.226,0.35,0.268,29.8,24.9,19.6,0.225,0.346,0.263,26.7
172,"Flexen, Chris",623167,COL,FF,4-Seam Fastball,-2.9,-21,720,41.0,185,0.383,0.74,0.504,17.3,12.4,14.6,0.351,0.648,0.463,53.3
173,"Hicks, Jordan",663855,TOR,SI,Sinker,1.6,12,716,64.3,185,0.259,0.354,0.331,17.9,16.2,24.2,0.239,0.338,0.311,34.6
174,"Richards, Trevor",670950,TOR,CH,Changeup,1.0,8,765,56.6,185,0.165,0.353,0.257,47.8,42.2,26.6,0.164,0.297,0.235,24.7
175,"Vasquez, Andrew",607755,DET,SL,Slider,1.0,7,698,81.8,185,0.247,0.37,0.326,17.9,20.0,18.9,0.212,0.325,0.282,26.0
176,"Quantrill, Cal",615698,CLE,SI,Sinker,-0.1,-1,708,41.4,185,0.277,0.428,0.362,16.9,12.4,13.1,0.306,0.535,0.4,41.7
177,"Verlander, Justin",434378,HOU,SL,Slider,1.4,9,659,25.3,184,0.201,0.325,0.267,29.2,30.4,21.1,0.182,0.287,0.238,34.2
178,"Abreu, Bryan",650556,HOU,SL,Slider,2.1,15,711,58.7,184,0.185,0.302,0.27,41.3,37.0,28.6,0.2,0.345,0.28,33.3
179,"Brown, Hunter",686613,HOU,CU,Curveball,-1.6,-10,646,23.8,184,0.247,0.374,0.306,30.3,36.4,21.5,0.23,0.389,0.293,49.1
180,"Rodón, Carlos",607074,NYY,FF,4-Seam Fastball,-1.0,-7,684,60.4,184,0.294,0.55,0.392,21.7,15.8,14.2,0.283,0.548,0.388,46.7
181,"Lynn, Lance",458681,LAD,FC,Cutter,-0.9,-7,728,23.0,183,0.273,0.512,0.356,26.7,18.0,16.9,0.269,0.489,0.341,35.0
182,"Sandoval, Patrick",663776,LAA,SL,Slider,-0.6,-4,681,26.0,183,0.267,0.323,0.323,28.3,18.6,15.5,0.28,0.38,0.33,33.8
183,"Sánchez, Cristopher",650911,PHI,SI,Sinker,1.0,7,675,46.2,183,0.297,0.523,0.381,10.7,11.5,15.8,0.311,0.506,0.366,51.3
184,"Irvin, Jake",663623,WSH,SI,Sinker,-1.1,-7,621,28.9,182,0.354,0.551,0.425,9.2,10.4,14.4,0.34,0.54,0.412,47.6
185,"Rea, Colin",607067,MIL,SI,Sinker,0.3,2,602,29.9,182,0.253,0.42,0.337,13.6,15.4,15.5,0.287,0.443,0.347,45.3
186,"Williams, Gavin",668909,CLE,FF,4-Seam Fastball,1.0,8,767,55.3,181,0.25,0.404,0.334,24.9,20.4,17.3,0.277,0.442,0.357,45.8
187,"Johnson, Pierce",572955,ATL,CU,Curveball,0.8,5,638,58.9,181,0.229,0.406,0.301,40.0,39.8,32.4,0.207,0.341,0.265,44.9
188,"Lange, Alex",656638,DET,CU,Curveball,1.3,9,670,58.5,181,0.178,0.276,0.283,48.4,34.3,30.0,0.177,0.256,0.262,26.1
189,"Kelly, Merrill",518876,AZ,CH,Changeup,2.5,16,648,23.1,180,0.18,0.234,0.218,32.0,28.3,22.0,0.234,0.331,0.276,35.3
190,"Pérez, Eury",691587,MIA,FF,4-Seam Fastball,0.4,3,697,45.4,179,0.289,0.585,0.402,18.7,18.4,17.6,0.279,0.548,0.383,50.4
191,"Curry, Xzavion",675540,CLE,FF,4-Seam Fastball,0.5,3,723,48.4,179,0.283,0.478,0.368,19.1,15.6,16.4,0.302,0.519,0.381,53.0
192,"Greene, Hunter",668881,CIN,SL,Slider,0.1,1,842,40.3,179,0.229,0.416,0.308,39.2,37.4,22.0,0.176,0.28,0.224,34.7
193,"Stratton, Chris",608717,TEX,FF,4-Seam Fastball,1.3,10,742,54.7,178,0.188,0.286,0.259,24.6,30.3,23.4,0.2,0.366,0.293,45.6
194,"Castillo, Luis",622491,SEA,SI,Sinker,1.2,7,574,17.9,177,0.239,0.337,0.294,13.6,15.8,19.7,0.299,0.435,0.343,47.8
195,"Civale, Aaron",650644,TB,FC,Cutter,1.5,11,747,37.2,177,0.261,0.406,0.313,23.4,17.5,19.1,0.276,0.443,0.33,42.2
196,"Kershaw, Clayton",477132,LAD,FF,4-Seam Fastball,0.3,2,747,36.9,176,0.281,0.451,0.365,9.7,14.2,16.9,0.28,0.471,0.367,34.4
197,"Cole, Gerrit",543037,NYY,SL,Slider,1.4,10,683,20.8,176,0.185,0.25,0.219,32.9,29.5,18.6,0.232,0.317,0.254,32.5
198,"Scholtens, Jesse",669947,CWS,FF,4-Seam Fastball,0.0,0,629,43.5,175,0.266,0.462,0.354,14.0,10.9,11.9,0.271,0.469,0.351,37.4
199,"Pfaadt, Brandon",694297,AZ,FF,4-Seam Fastball,-1.4,-10,730,45.3,175,0.327,0.654,0.43,17.6,14.9,13.4,0.286,0.543,0.371,49.3
200,"Snell, Blake",605483,SD,CU,Curveball,3.5,22,627,19.8,175,0.079,0.14,0.138,56.3,62.3,33.5,0.099,0.164,0.149,30.9
201,"Walker, Taijuan",592836,PHI,SI,Sinker,0.8,5,660,23.3,175,0.273,0.429,0.352,10.0,16.6,22.3,0.28,0.453,0.356,41.3
202,"López, Reynaldo",625643,CLE,FF,4-Seam Fastball,0.8,6,775,64.3,174,0.188,0.319,0.302,27.1,26.4,18.5,0.229,0.395,0.34,41.8
203,"Waldichuk, Ken",686610,OAK,ST,Sweeper,-1.3,-9,691,27.1,174,0.218,0.423,0.325,32.8,33.9,21.5,0.195,0.323,0.269,34.0
204,"Eflin, Zach",621107,TB,CU,Curveball,1.4,10,679,26.3,173,0.185,0.339,0.241,34.9,37.0,25.0,0.183,0.298,0.218,25.0
205,"Montgomery, Jordan",656756,TEX,CH,Changeup,-0.2,-1,671,23.0,173,0.239,0.405,0.302,39.2,23.1,20.8,0.23,0.394,0.287,27.4
206,"Wood, Alex",622072,SF,SI,Sinker,0.2,2,762,44.6,173,0.234,0.433,0.355,24.2,22.5,17.0,0.219,0.377,0.331,41.3
207,"Bello, Brayan",678394,BOS,CH,Changeup,1.4,9,626,23.9,172,0.196,0.291,0.254,38.7,33.1,25.7,0.171,0.256,0.22,25.0
208,"Heaney, Andrew",571760,TEX,SL,Slider,-1.6,-10,655,25.2,172,0.259,0.443,0.347,29.6,30.8,20.2,0.226,0.352,0.283,43.8
209,"Berríos, José",621244,TOR,CH,Changeup,-0.1,-1,543,18.5,171,0.245,0.409,0.314,33.0,26.9,24.3,0.238,0.351,0.284,25.7
210,"Irvin, Jake",663623,WSH,FF,4-Seam Fastball,0.6,5,765,35.6,171,0.201,0.349,0.295,19.2,21.6,12.7,0.216,0.415,0.32,35.7
211,"Dunning, Dane",641540,TEX,SL,Slider,0.3,2,630,23.4,170,0.212,0.364,0.264,34.5,31.2,21.7,0.247,0.403,0.289,41.1
212,"Scott, Tanner",656945,MIA,SL,Slider,2.5,16,636,52.6,170,0.173,0.237,0.224,40.3,38.2,29.8,0.18,0.229,0.211,25.8
213,"Bieber, Shane",669456,CLE,FF,4-Seam Fastball,0.7,5,687,35.2,169,0.257,0.434,0.331,9.3,14.2,17.3,0.316,0.512,0.382,62.0
214,"Canning, Griffin",656288,LAA,SL,Slider,-0.2,-1,624,28.7,169,0.261,0.344,0.297,34.0,33.1,22.6,0.222,0.308,0.262,41.6
215,"Kopech, Michael",656629,CWS,SL,Slider,-1.1,-7,660,27.2,169,0.258,0.516,0.359,27.4,26.6,21.3,0.248,0.471,0.322,43.5
216,"Hoeing, Bryan",663773,MIA,SI,Sinker,-0.9,-5,591,52.5,169,0.275,0.55,0.396,16.4,16.0,22.1,0.281,0.513,0.377,49.2
217,"Sears, JP",676664,OAK,ST,Sweeper,-1.3,-9,640,22.3,168,0.239,0.51,0.349,30.0,23.2,17.5,0.227,0.428,0.305,26.5
218,"Sale, Chris",519242,BOS,FF,4-Seam Fastball,0.5,4,721,43.2,168,0.252,0.437,0.334,23.4,23.2,18.2,0.235,0.434,0.322,39.8
219,"Javier, Cristian",664299,HOU,SL,Slider,-0.2,-2,864,30.0,168,0.211,0.367,0.3,28.7,26.8,17.8,0.204,0.333,0.279,33.7
220,"Brown, Hunter",686613,HOU,FC,Cutter,-0.5,-3,640,23.5,168,0.297,0.506,0.365,20.8,14.9,18.4,0.288,0.489,0.352,41.4
221,"Díaz, Alexis",664747,CIN,SL,Slider,2.8,16,598,51.5,168,0.153,0.229,0.237,37.9,33.9,28.1,0.176,0.245,0.249,38.2
222,"Ohtani, Shohei",660271,LAA,FF,4-Seam Fastball,1.7,11,686,32.8,168,0.165,0.237,0.278,27.1,29.8,23.7,0.218,0.378,0.325,38.9
223,"Nola, Aaron",605400,PHI,SI,Sinker,-0.2,-1,577,18.7,167,0.275,0.405,0.336,10.7,21.6,22.1,0.283,0.43,0.329,45.0
224,"Woo, Bryan",693433,SEA,FF,4-Seam Fastball,1.0,7,679,46.9,166,0.207,0.407,0.312,30.3,31.3,24.2,0.192,0.358,0.289,39.4
225,"De Los Santos, Enyel",660853,CLE,FF,4-Seam Fastball,0.4,2,634,60.5,166,0.25,0.351,0.305,18.8,21.7,17.3,0.265,0.419,0.333,38.1
226,"Falter, Bailey",663559,PIT,FF,4-Seam Fastball,-0.5,-3,576,44.4,166,0.305,0.435,0.345,15.6,19.3,17.5,0.269,0.383,0.307,40.7
227,"Swanson, Erik",657024,TOR,FS,Split-Finger,2.9,14,503,47.5,166,0.162,0.266,0.227,34.3,34.9,27.9,0.166,0.303,0.233,38.5
228,"Alexander, Scott",518397,SF,SI,Sinker,1.1,6,526,75.8,166,0.306,0.389,0.337,14.6,9.6,13.8,0.278,0.388,0.308,34.8
229,"Houck, Tanner",656557,BOS,SL,Slider,1.2,8,667,38.3,166,0.178,0.301,0.259,38.7,29.5,22.4,0.206,0.359,0.283,32.0
230,"Bednar, David",670280,PIT,FF,4-Seam Fastball,1.8,12,641,58.0,165,0.188,0.315,0.253,30.3,29.1,21.1,0.181,0.332,0.256,44.8
231,"Hader, Josh",623352,SD,SI,Sinker,1.5,12,765,73.4,165,0.19,0.27,0.282,27.9,29.1,19.3,0.184,0.264,0.276,26.7
232,"Rodriguez, Grayson",680570,BAL,CH,Changeup,1.6,7,471,22.4,165,0.201,0.318,0.26,28.3,24.2,18.2,0.212,0.303,0.252,35.1
233,"Montgomery, Jordan",656756,TEX,CU,Curveball,0.6,4,647,22.2,165,0.191,0.357,0.245,37.1,33.3,20.9,0.206,0.36,0.258,37.1
234,"Alcantara, Sandy",645261,MIA,FF,4-Seam Fastball,-0.1,-1,579,21.3,165,0.253,0.448,0.312,26.7,30.9,22.6,0.239,0.407,0.291,47.7
235,"Eovaldi, Nathan",543135,TEX,FS,Split-Finger,0.4,3,617,27.6,164,0.196,0.314,0.257,35.5,26.2,21.1,0.2,0.308,0.253,50.0
236,"Sandoval, Patrick",663776,LAA,FF,4-Seam Fastball,-1.5,-10,671,25.6,164,0.336,0.507,0.427,15.6,11.6,10.9,0.307,0.494,0.406,44.8
237,"Pérez, Martín",527048,TEX,CH,Changeup,-1.2,-7,588,26.5,164,0.316,0.447,0.351,27.8,15.2,14.8,0.274,0.384,0.302,29.8
238,"Thompson, Zack",668868,STL,FF,4-Seam Fastball,-0.3,-2,627,53.7,164,0.327,0.476,0.374,20.6,22.0,19.9,0.303,0.476,0.365,52.6
239,"Cabrera, Edward",665795,MIA,CH,Changeup,1.6,9,565,31.4,163,0.186,0.3,0.283,36.3,27.6,23.9,0.175,0.248,0.255,26.3
240,"Hernández, Carlos",672578,KC,FF,4-Seam Fastball,-0.1,-1,692,55.3,163,0.272,0.507,0.402,25.4,21.5,15.9,0.274,0.482,0.382,49.5
241,"Lawrence, Justin",664875,COL,ST,Sweeper,2.4,14,576,48.7,163,0.149,0.236,0.214,36.4,38.7,30.4,0.159,0.258,0.221,25.3
242,"Sale, Chris",519242,BOS,SL,Slider,0.4,2,627,37.5,163,0.162,0.358,0.257,38.9,45.4,29.1,0.159,0.31,0.248,32.0
243,"Eflin, Zach",621107,TB,FC,Cutter,-0.7,-5,672,26.1,163,0.307,0.588,0.391,16.7,5.5,15.0,0.278,0.587,0.372,39.9
244,"Wells, Tyler",669330,BAL,FF,4-Seam Fastball,1.0,7,718,37.7,162,0.2,0.467,0.304,26.6,29.0,21.8,0.213,0.507,0.324,54.8
245,"Brash, Matt",666374,SEA,SL,Slider,2.3,15,659,50.5,161,0.162,0.216,0.2,48.5,44.1,30.5,0.154,0.24,0.205,26.6
246,"Henry, Tommy",674072,AZ,FF,4-Seam Fastball,-0.5,-3,681,49.0,161,0.292,0.523,0.42,15.5,10.6,13.1,0.278,0.508,0.402,40.7
247,"Poche, Colin",621363,TB,FF,4-Seam Fastball,0.8,5,603,65.0,160,0.234,0.365,0.307,22.0,18.1,18.0,0.218,0.318,0.287,32.1
248,"Schmidt, Clarke",657376,NYY,ST,Sweeper,-0.3,-2,742,27.4,160,0.276,0.559,0.391,26.3,22.5,18.8,0.267,0.486,0.347,37.8
249,"Mayza, Tim",641835,TOR,SI,Sinker,2.2,13,619,76.5,159,0.26,0.349,0.299,21.0,23.3,25.0,0.251,0.347,0.29,38.2
250,"Peralta, Freddy",642547,MIL,SL,Slider,-0.1,-1,619,21.8,159,0.203,0.392,0.296,46.0,35.2,25.3,0.221,0.378,0.299,35.6
251,"Lawrence, Justin",664875,COL,SI,Sinker,-1.1,-7,607,51.3,159,0.333,0.488,0.422,11.5,9.4,18.8,0.293,0.42,0.38,49.2
252,"Assad, Javier",665871,CHC,SI,Sinker,2.4,13,524,30.6,159,0.214,0.324,0.266,14.2,23.3,30.6,0.272,0.407,0.321,47.3
253,"Gonsolin, Tony",664062,LAD,FF,4-Seam Fastball,1.1,7,657,39.5,158,0.221,0.436,0.322,15.7,14.6,16.3,0.261,0.544,0.368,49.2
254,"Bradish, Kyle",680694,BAL,SI,Sinker,1.2,6,544,20.6,158,0.23,0.367,0.315,15.0,19.6,23.7,0.244,0.366,0.312,42.2
255,"Jax, Griffin",643377,MIN,ST,Sweeper,1.1,6,553,52.8,157,0.197,0.32,0.27,28.6,29.9,22.7,0.192,0.307,0.243,32.0
256,"López, Pablo",641154,MIN,ST,Sweeper,0.9,6,646,21.4,157,0.173,0.287,0.215,36.6,36.3,22.8,0.176,0.265,0.208,22.3
257,"Wainwright, Adam",425794,STL,CU,Curveball,-0.7,-4,548,30.7,157,0.291,0.475,0.361,15.3,11.5,9.7,0.318,0.549,0.39,32.5
258,"Bautista, Félix",642585,BAL,FF,4-Seam Fastball,2.4,17,696,70.4,157,0.157,0.246,0.258,37.8,37.6,32.6,0.173,0.3,0.274,34.7
259,"Curry, Xzavion",675540,CLE,SL,Slider,0.3,2,539,36.1,156,0.238,0.361,0.276,23.2,17.9,16.8,0.259,0.432,0.31,40.5
260,"Santos, Gregory",666619,CWS,SL,Slider,3.1,17,551,52.6,156,0.196,0.203,0.223,37.5,30.8,26.7,0.203,0.257,0.224,29.0
261,"Vesia, Alex",681911,LAD,FF,4-Seam Fastball,0.2,1,581,68.1,155,0.273,0.42,0.335,28.1,28.4,23.7,0.233,0.392,0.299,43.4
262,"Farmer, Buck",571656,CIN,FF,4-Seam Fastball,0.2,1,526,43.0,155,0.242,0.477,0.352,17.3,17.4,17.8,0.243,0.468,0.346,41.3
263,"Matz, Steven",571927,STL,CH,Changeup,0.4,2,511,27.4,155,0.291,0.405,0.326,28.9,21.9,16.5,0.268,0.39,0.301,36.0
264,"Pagán, Emilio",641941,MIN,FF,4-Seam Fastball,1.3,7,584,55.0,155,0.188,0.326,0.265,24.6,28.4,24.3,0.209,0.415,0.306,47.9
265,"Wacha, Michael",608379,SD,FF,4-Seam Fastball,1.8,12,639,28.8,155,0.188,0.323,0.282,16.7,22.6,16.7,0.247,0.447,0.347,46.5
266,"Wheeler, Zack",554430,PHI,SI,Sinker,1.0,6,571,18.1,155,0.252,0.308,0.282,19.2,18.1,19.2,0.246,0.292,0.271,28.7
267,"Wainwright, Adam",425794,STL,SI,Sinker,-4.1,-23,560,31.4,154,0.394,0.746,0.499,9.3,14.3,18.2,0.339,0.636,0.432,49.2
268,"Rogers, Tyler",643511,SF,SI,Sinker,1.3,7,575,51.2,154,0.284,0.397,0.323,11.4,9.7,11.4,0.277,0.355,0.301,33.3
269,"Castillo, Luis",622491,SEA,SL,Slider,0.3,2,710,22.1,154,0.234,0.455,0.311,37.8,33.1,25.1,0.21,0.355,0.261,39.6
270,"Rogers, Tyler",643511,SF,SL,Slider,0.3,2,549,48.8,153,0.187,0.338,0.27,33.4,29.4,23.9,0.162,0.258,0.224,19.8
271,"Harvey, Hunter",640451,WSH,FF,4-Seam Fastball,0.8,5,578,60.0,153,0.216,0.396,0.297,26.5,32.0,25.3,0.221,0.425,0.304,45.7
272,"Luzardo, Jesús",666200,MIA,CH,Changeup,-0.3,-2,626,21.0,153,0.248,0.429,0.347,36.1,21.6,18.1,0.223,0.381,0.308,28.4
273,"Mikolas, Miles",571945,STL,CU,Curveball,-0.8,-5,639,20.0,152,0.261,0.387,0.314,19.8,19.1,13.5,0.264,0.447,0.326,41.2
274,"Glasnow, Tyler",607192,TB,SL,Slider,0.9,6,659,34.8,152,0.254,0.373,0.305,38.2,19.1,28.4,0.274,0.483,0.347,43.9
275,"Strahm, Matt",621381,PHI,FF,4-Seam Fastball,1.3,8,616,45.1,152,0.187,0.374,0.271,31.3,39.5,28.0,0.18,0.343,0.263,43.8
276,"Lambert, Peter",663567,COL,FF,4-Seam Fastball,0.2,1,646,44.6,152,0.271,0.586,0.4,16.7,12.5,12.8,0.284,0.583,0.404,51.8
277,"Smith, Drew",622098,NYM,FF,4-Seam Fastball,1.3,8,662,61.2,152,0.169,0.339,0.304,24.1,25.0,17.3,0.199,0.385,0.327,44.3
278,"Moreta, Dauri",664294,PIT,SL,Slider,1.1,7,623,64.8,152,0.162,0.265,0.24,40.8,38.2,29.4,0.167,0.246,0.218,27.2
279,"Cano, Yennier",666974,BAL,SI,Sinker,3.0,17,562,55.3,151,0.237,0.345,0.289,13.2,11.3,16.3,0.256,0.342,0.296,43.9
280,"Manning, Matt",666159,DET,FF,4-Seam Fastball,1.3,7,563,47.6,151,0.214,0.366,0.294,18.2,23.2,19.9,0.261,0.479,0.353,52.5
281,"Williams, Devin",642207,MIL,CH,Changeup,2.6,14,549,57.9,151,0.097,0.187,0.21,42.2,37.7,30.8,0.151,0.254,0.231,24.7
282,"Castillo, Luis",622491,SEA,CH,Changeup,-1.9,-9,500,15.6,151,0.28,0.42,0.326,32.5,23.2,17.4,0.263,0.408,0.3,27.3
283,"Gibson, Kyle",502043,BAL,CH,Changeup,-0.4,-2,517,17.0,151,0.288,0.453,0.344,29.1,18.5,17.6,0.27,0.428,0.325,42.9
284,"Romano, Jordan",605447,TOR,SL,Slider,1.5,8,496,54.2,150,0.216,0.338,0.275,38.6,29.3,28.9,0.215,0.351,0.271,36.5
285,"Houck, Tanner",656557,BOS,SI,Sinker,-0.1,0,514,29.5,150,0.306,0.507,0.395,18.7,14.0,20.4,0.269,0.43,0.337,50.9
286,"Okert, Steven",595345,MIA,SL,Slider,1.1,7,625,61.3,150,0.194,0.373,0.281,34.3,34.0,26.2,0.18,0.346,0.266,36.5
287,"Canning, Griffin",656288,LAA,FF,4-Seam Fastball,-0.2,-1,726,33.3,150,0.235,0.5,0.342,28.3,26.7,19.0,0.243,0.513,0.348,48.5
288,"Bibee, Tanner",676440,CLE,SL,Slider,1.2,8,629,27.0,149,0.206,0.355,0.251,31.7,28.2,19.2,0.193,0.307,0.227,23.5
289,"Cuas, Jose",621016,CHC,SI,Sinker,0.9,5,585,49.7,149,0.302,0.381,0.367,17.0,12.1,15.9,0.302,0.459,0.383,41.7
290,"Maeda, Kenta",628317,MIN,FS,Split-Finger,1.5,8,542,31.9,149,0.182,0.263,0.237,35.0,31.5,21.7,0.204,0.293,0.245,40.2
291,"Anderson, Tyler",542881,LAA,FC,Cutter,-0.4,-2,545,22.4,149,0.239,0.366,0.294,26.8,18.8,18.5,0.245,0.406,0.311,30.0
292,"Hudson, Dakota",641712,STL,SI,Sinker,0.3,1,497,37.7,148,0.308,0.526,0.391,7.2,1.4,3.0,0.325,0.561,0.408,51.9
293,"Gilbert, Logan",669302,SEA,FS,Split-Finger,0.7,3,432,14.8,148,0.174,0.34,0.221,35.0,46.6,25.2,0.165,0.261,0.187,31.2
294,"Topa, Justin",623437,SEA,SI,Sinker,2.2,10,467,44.6,148,0.263,0.321,0.287,12.2,19.6,22.3,0.262,0.346,0.296,41.3
295,"Jansen, Kenley",445276,BOS,FC,Cutter,0.7,4,568,78.8,147,0.239,0.358,0.297,27.5,28.6,26.4,0.206,0.336,0.271,37.0
296,"Crawford, Kutter",676710,BOS,FC,Cutter,0.0,0,591,28.2,147,0.289,0.43,0.349,24.4,10.9,17.4,0.241,0.374,0.298,27.7
297,"Irvin, Jake",663623,WSH,CU,Curveball,0.3,2,656,30.6,147,0.197,0.362,0.297,25.7,25.2,16.5,0.21,0.356,0.292,33.7
298,"Ragans, Cole",666142,KC,FF,4-Seam Fastball,-0.7,-4,636,40.1,147,0.234,0.411,0.341,27.9,32.7,22.4,0.193,0.358,0.305,52.6
299,"Keller, Mitch",656605,PIT,ST,Sweeper,-0.4,-2,502,16.1,147,0.219,0.321,0.284,27.2,27.9,16.3,0.258,0.393,0.307,30.2
300,"Martínez, Adrián",661309,OAK,SI,Sinker,0.0,0,558,59.2,147,0.271,0.419,0.332,13.9,17.7,16.5,0.281,0.458,0.354,36.8
301,"Pfaadt, Brandon",694297,AZ,ST,Sweeper,1.7,8,435,27.0,147,0.18,0.323,0.264,33.7,32.0,25.1,0.18,0.317,0.245,36.0
302,"Thompson, Mason",666168,WSH,SI,Sinker,-2.1,-10,509,56.9,146,0.369,0.541,0.433,12.1,11.0,17.6,0.305,0.48,0.393,41.3
303,"Nardi, Andrew",677053,MIA,FF,4-Seam Fastball,1.6,9,587,61.3,146,0.224,0.336,0.307,25.2,25.3,18.6,0.208,0.308,0.288,33.7
304,"Abreu, Albert",656061,NYY,SI,Sinker,-1.1,-6,567,54.3,146,0.294,0.471,0.412,19.7,21.2,23.7,0.245,0.404,0.355,48.9
305,"Harris, Hogan",663687,OAK,FF,4-Seam Fastball,-0.6,-3,520,46.9,145,0.252,0.445,0.379,21.8,21.4,19.0,0.239,0.438,0.355,51.7
306,"Freeland, Kyle",607536,COL,CU,Curveball,-1.5,-6,424,17.6,145,0.261,0.41,0.316,32.0,33.8,20.9,0.223,0.37,0.283,37.2
307,"King, Michael",650633,NYY,SI,Sinker,0.7,4,563,33.5,145,0.273,0.398,0.348,15.7,26.2,33.0,0.264,0.445,0.338,41.9
308,"Merryweather, Julian",657240,CHC,FF,4-Seam Fastball,0.1,0,502,40.9,145,0.248,0.372,0.365,20.6,21.4,22.6,0.25,0.446,0.387,54.2
309,"Jiménez, Joe",641729,ATL,FF,4-Seam Fastball,0.8,4,582,62.2,144,0.237,0.443,0.326,26.3,27.8,22.7,0.231,0.438,0.312,46.2
310,"García, Luis",472610,SD,SI,Sinker,-0.2,-1,442,43.8,144,0.331,0.441,0.393,14.7,6.9,13.7,0.319,0.438,0.368,42.4
311,"Diekman, Jake",518617,TB,FF,4-Seam Fastball,0.8,5,574,57.6,144,0.175,0.228,0.306,25.5,30.6,23.9,0.183,0.245,0.288,29.6
312,"Burke, Brock",656271,TEX,FF,4-Seam Fastball,1.0,6,590,64.6,144,0.234,0.423,0.298,19.9,19.4,15.2,0.23,0.382,0.274,35.1
313,"Whitlock, Garrett",676477,BOS,SI,Sinker,-0.4,-2,627,52.5,143,0.326,0.538,0.397,18.4,16.1,12.8,0.317,0.558,0.389,45.5
314,"Bernardino, Brennan",657514,BOS,SI,Sinker,2.5,12,483,55.8,143,0.252,0.362,0.321,18.5,24.5,29.4,0.265,0.404,0.331,38.0
315,"Manoah, Alek",666201,TOR,SI,Sinker,0.3,1,476,28.2,143,0.25,0.379,0.359,12.9,15.4,15.4,0.286,0.461,0.389,45.7
316,"Sewald, Paul",623149,AZ,FF,4-Seam Fastball,1.2,7,593,57.2,143,0.22,0.323,0.282,28.4,32.9,24.0,0.198,0.315,0.266,31.7
317,"Gibson, Kyle",502043,BAL,ST,Sweeper,2.1,12,562,18.5,143,0.147,0.228,0.184,46.7,40.6,24.5,0.183,0.345,0.245,29.6
318,"Sheehan, Emmet",686218,LAD,FF,4-Seam Fastball,-0.6,-4,619,60.0,143,0.24,0.504,0.362,20.2,11.9,10.2,0.23,0.509,0.367,46.2
319,"Sánchez, Cristopher",650911,PHI,CH,Changeup,0.9,4,477,32.7,143,0.148,0.274,0.218,43.0,40.6,27.8,0.165,0.269,0.21,23.1
320,"Alcantara, Sandy",645261,MIA,SL,Slider,-0.3,-2,548,20.1,142,0.227,0.364,0.298,35.2,21.1,19.7,0.252,0.383,0.302,35.3
321,"McHugh, Collin",543521,ATL,ST,Sweeper,-1.5,-7,488,47.9,142,0.262,0.408,0.34,29.9,24.6,19.3,0.262,0.442,0.33,38.5
322,"Heaney, Andrew",571760,TEX,CH,Changeup,-0.6,-2,441,16.9,142,0.274,0.452,0.347,24.0,10.6,15.8,0.304,0.518,0.362,31.4
323,"Walker, Ryan",676254,SF,SL,Slider,-0.5,-3,542,50.2,142,0.248,0.473,0.349,41.9,35.9,23.8,0.193,0.319,0.26,29.1
324,"Martinez, Nick",607259,SD,CH,Changeup,2.0,10,504,28.8,141,0.158,0.226,0.193,46.5,35.5,26.7,0.17,0.25,0.205,17.9
325,"Bieber, Shane",669456,CLE,SL,Slider,0.8,3,404,20.7,141,0.18,0.331,0.253,32.6,31.2,23.2,0.21,0.353,0.256,33.7
326,"Snell, Blake",605483,SD,CH,Changeup,2.2,13,584,18.4,141,0.185,0.266,0.259,46.8,18.4,26.3,0.204,0.299,0.274,15.3
327,"Miley, Wade",489119,MIL,CH,Changeup,0.0,0,460,24.6,141,0.219,0.281,0.278,23.9,15.6,15.3,0.232,0.294,0.269,25.2
328,"Kikuchi, Yusei",579328,TOR,CU,Curveball,0.3,1,543,19.3,140,0.284,0.463,0.343,30.7,24.3,25.4,0.266,0.415,0.307,37.0
329,"Gonsolin, Tony",664062,LAD,FS,Split-Finger,-0.5,-2,452,27.2,140,0.181,0.315,0.26,27.0,27.1,18.7,0.241,0.366,0.291,33.0
330,"Peterson, David",656849,NYM,SL,Slider,-2.5,-10,387,19.7,140,0.268,0.472,0.353,39.4,42.1,29.2,0.233,0.4,0.308,55.9
331,"Contreras, Roansy",672710,PIT,SL,Slider,0.9,5,505,44.3,140,0.221,0.359,0.275,36.5,24.3,17.0,0.25,0.384,0.295,39.8
332,"Lorenzen, Michael",547179,PHI,SL,Slider,1.1,6,551,23.3,140,0.242,0.352,0.29,29.3,15.7,15.3,0.303,0.489,0.363,46.7
333,"Lorenzen, Michael",547179,PHI,CH,Changeup,-0.2,-1,510,21.5,140,0.186,0.403,0.265,31.4,23.6,16.5,0.215,0.364,0.265,28.0
334,"Civale, Aaron",650644,TB,CU,Curveball,0.6,3,491,24.4,140,0.188,0.323,0.251,27.3,32.1,19.1,0.208,0.35,0.26,34.1
335,"Stanek, Ryne",592773,HOU,FF,4-Seam Fastball,1.7,9,555,64.2,140,0.216,0.392,0.301,24.8,20.0,18.8,0.22,0.412,0.314,44.9
336,"Canning, Griffin",656288,LAA,CH,Changeup,1.2,5,443,20.3,139,0.213,0.339,0.277,24.8,18.7,15.4,0.249,0.405,0.314,42.6
337,"McGough, Scott",543518,AZ,FS,Split-Finger,0.0,0,490,39.7,139,0.198,0.389,0.291,41.9,32.4,21.8,0.218,0.358,0.283,42.7
338,"Holderman, Colin",670059,PIT,SI,Sinker,0.3,2,466,50.1,139,0.298,0.395,0.336,15.9,13.7,17.0,0.282,0.445,0.347,44.9
339,"Miller, Bobby",676272,LAD,FF,4-Seam Fastball,0.8,5,567,28.9,139,0.258,0.367,0.3,20.6,16.5,15.9,0.259,0.403,0.315,40.6
340,"Flexen, Chris",623167,COL,FC,Cutter,-0.6,-3,514,29.3,139,0.287,0.504,0.369,20.2,10.1,12.2,0.286,0.5,0.358,39.1
341,"Hamilton, Ian",641656,NYY,SL,Slider,2.5,13,531,54.2,139,0.156,0.234,0.21,42.5,39.6,25.3,0.179,0.269,0.232,30.1
342,"Pivetta, Nick",601713,BOS,CU,Curveball,-0.2,-1,588,24.7,139,0.215,0.4,0.296,31.3,33.8,25.4,0.238,0.448,0.317,39.3
343,"Greinke, Zack",425844,KC,FF,4-Seam Fastball,-0.1,-1,589,26.5,138,0.276,0.472,0.358,15.9,14.5,15.3,0.322,0.593,0.406,47.2
344,"Lugo, Seth",607625,SD,SI,Sinker,2.2,10,473,19.9,138,0.208,0.36,0.294,8.9,19.6,21.4,0.223,0.377,0.296,36.7
345,"Grove, Michael",675627,LAD,SL,Slider,0.6,3,438,38.2,138,0.2,0.331,0.254,44.9,38.4,29.0,0.199,0.329,0.252,27.3
346,"Williamson, Brandon",682227,CIN,FC,Cutter,1.2,7,579,29.9,137,0.252,0.433,0.339,18.5,19.0,20.5,0.26,0.462,0.33,40.2
347,"Freeland, Kyle",607536,COL,SL,Slider,0.8,5,570,23.6,137,0.246,0.549,0.346,20.0,12.4,12.7,0.261,0.498,0.34,40.2
348,"Webb, Logan",657277,SF,ST,Sweeper,0.0,0,673,21.2,137,0.208,0.369,0.269,28.6,36.5,20.8,0.238,0.436,0.306,42.5
349,"Bradford, Cody",674003,TEX,FF,4-Seam Fastball,0.3,2,531,54.5,137,0.26,0.535,0.347,18.6,25.5,19.0,0.216,0.441,0.3,49.5
350,"Scholtens, Jesse",669947,CWS,SL,Slider,-1.7,-9,529,36.6,136,0.354,0.472,0.399,23.4,14.7,14.1,0.297,0.429,0.333,40.7
351,"Winckowski, Josh",670174,BOS,SI,Sinker,-0.9,-5,518,37.5,135,0.355,0.587,0.448,18.0,12.6,17.9,0.295,0.495,0.373,53.8
352,"Puk, A.J.",640462,MIA,FF,4-Seam Fastball,0.1,0,485,51.1,135,0.238,0.451,0.329,28.7,34.8,29.2,0.22,0.404,0.298,42.9
353,"Brito, Jhony",666745,NYY,CH,Changeup,-0.2,-1,419,29.0,135,0.232,0.392,0.297,28.2,24.4,19.1,0.229,0.389,0.292,34.0
354,"Wilson, Steven",621051,SD,ST,Sweeper,1.8,10,561,59.8,135,0.165,0.38,0.276,27.7,27.4,21.0,0.176,0.366,0.275,32.1
355,"Clevinger, Mike",605182,CWS,SL,Slider,0.4,3,572,27.2,134,0.203,0.366,0.284,30.6,21.6,17.3,0.227,0.392,0.303,31.9
356,"Neris, Héctor",593576,HOU,FF,4-Seam Fastball,1.9,11,565,51.7,134,0.153,0.306,0.289,29.1,28.4,21.5,0.187,0.371,0.315,35.6
357,"Stephan, Trevor",663986,CLE,FF,4-Seam Fastball,0.8,4,538,47.7,134,0.271,0.475,0.35,20.5,16.4,20.2,0.272,0.524,0.377,46.0
358,"Ortiz, Luis L.",682847,PIT,SL,Slider,-0.3,-1,478,32.7,134,0.246,0.449,0.34,31.2,22.4,18.5,0.268,0.464,0.346,42.2
359,"Scott, Tanner",656945,MIA,FF,4-Seam Fastball,1.6,9,572,47.4,134,0.215,0.298,0.287,31.1,29.1,23.2,0.237,0.333,0.291,26.8
360,"Gibaut, Ian",664139,CIN,FF,4-Seam Fastball,1.5,8,534,44.0,134,0.195,0.297,0.277,25.7,31.3,20.7,0.203,0.304,0.274,30.3
361,"Schmidt, Clarke",657376,NYY,CU,Curveball,0.4,2,519,19.1,134,0.198,0.314,0.269,34.5,41.8,18.6,0.183,0.265,0.242,34.8
362,"Kelly, Kevin",687330,TB,SI,Sinker,2.0,10,510,47.8,134,0.192,0.267,0.299,17.3,17.2,20.0,0.243,0.334,0.294,41.2
363,"Wentz, Joey",666214,DET,FC,Cutter,-0.3,-1,485,25.1,134,0.271,0.5,0.378,29.1,17.9,20.3,0.265,0.476,0.361,41.1
364,"Cortes, Nestor",641482,NYY,FF,4-Seam Fastball,0.1,1,556,52.1,134,0.213,0.352,0.284,24.9,30.6,19.7,0.186,0.286,0.247,47.6
365,"Taillon, Jameson",592791,CHC,FC,Cutter,-0.9,-5,562,22.2,134,0.311,0.521,0.412,27.4,14.9,18.7,0.289,0.521,0.377,35.0
366,"McClanahan, Shane",663556,TB,CH,Changeup,2.1,10,470,25.8,134,0.153,0.191,0.163,54.1,41.0,30.2,0.182,0.248,0.197,25.0
367,"Kahnle, Tommy",592454,NYY,CH,Changeup,1.1,6,519,75.8,133,0.2,0.374,0.291,35.4,25.6,19.9,0.197,0.326,0.275,23.8
368,"Yates, Kirby",489446,ATL,FF,4-Seam Fastball,1.4,8,569,53.8,133,0.167,0.389,0.314,27.7,33.8,27.1,0.189,0.446,0.349,46.9
369,"Teheran, Julio",527054,MIL,SI,Sinker,0.7,3,418,38.7,133,0.285,0.472,0.358,12.1,11.3,13.2,0.3,0.502,0.363,50.0
370,"Gray, Josiah",680686,WSH,FC,Cutter,1.4,7,500,17.8,133,0.243,0.461,0.349,20.5,20.3,16.1,0.241,0.497,0.353,44.4
371,"Carrasco, Carlos",471911,NYM,CH,Changeup,0.4,2,475,29.9,133,0.22,0.314,0.291,31.1,23.3,17.0,0.26,0.383,0.323,44.8
372,"Bradish, Kyle",680694,BAL,CU,Curveball,3.4,15,457,17.3,132,0.142,0.165,0.152,35.6,35.6,27.5,0.199,0.268,0.215,43.2
373,"Maton, Phil",664208,HOU,CU,Curveball,0.0,0,420,40.4,132,0.169,0.28,0.237,36.4,36.4,27.3,0.154,0.279,0.23,18.1
374,"Sims, Lucas",608371,CIN,SL,Slider,2.7,15,534,50.5,132,0.147,0.266,0.261,41.5,30.3,24.1,0.165,0.314,0.283,28.6
375,"Robertson, David",502085,MIA,FC,Cutter,2.5,14,570,53.4,131,0.183,0.252,0.255,25.9,29.0,25.9,0.192,0.304,0.267,35.9
376,"Nelson, Kyle",669459,AZ,SL,Slider,-0.9,-5,520,59.2,131,0.228,0.447,0.314,40.4,36.6,25.3,0.219,0.385,0.279,32.9
377,"McGough, Scott",543518,AZ,FF,4-Seam Fastball,0.3,2,625,50.7,131,0.239,0.46,0.354,18.0,26.0,22.2,0.25,0.441,0.344,58.0
378,"Gray, Sonny",543243,MIN,SI,Sinker,1.0,4,442,15.7,130,0.275,0.413,0.369,17.7,19.2,18.5,0.279,0.448,0.372,42.9
379,"Brito, Jhony",666745,NYY,SI,Sinker,0.9,4,474,32.8,130,0.282,0.436,0.341,14.9,8.5,12.6,0.298,0.452,0.356,39.3
380,"DeSclafani, Anthony",543101,SF,SI,Sinker,-1.0,-4,431,27.8,129,0.283,0.5,0.366,11.2,21.7,21.1,0.302,0.532,0.376,53.3
381,"Wesneski, Hayden",669713,CHC,ST,Sweeper,1.5,8,534,36.1,129,0.14,0.231,0.196,37.6,41.1,25.2,0.196,0.278,0.23,23.2
382,"Peguero, Elvis",665625,MIL,SI,Sinker,2.2,10,448,49.1,129,0.234,0.315,0.311,20.2,13.2,22.4,0.257,0.364,0.327,40.4
383,"Rodriguez, Eduardo",593958,DET,CH,Changeup,1.0,4,448,18.3,129,0.233,0.292,0.275,31.7,17.1,15.0,0.272,0.366,0.305,25.5
384,"Gallen, Zac",668678,AZ,CH,Changeup,1.6,7,453,13.9,128,0.21,0.336,0.267,31.4,24.2,20.5,0.237,0.384,0.295,34.1
385,"Olson, Reese",681857,DET,SL,Slider,-0.4,-2,534,30.6,128,0.217,0.433,0.321,41.6,32.0,22.8,0.216,0.441,0.3,40.5
386,"Lynn, Lance",458681,LAD,SI,Sinker,-0.6,-2,399,12.6,128,0.239,0.394,0.347,17.7,11.7,19.7,0.285,0.455,0.374,40.4
387,"Urías, Julio",628711,LAD,SV,Slurve,0.4,2,555,30.0,128,0.233,0.457,0.338,22.9,19.5,20.2,0.238,0.455,0.325,23.9
388,"Gomber, Austin",596295,COL,SL,Slider,0.3,1,434,20.1,128,0.275,0.383,0.306,24.7,14.8,16.8,0.26,0.406,0.302,35.9
389,"Blackburn, Paul",621112,OAK,SI,Sinker,-0.2,-1,450,24.0,128,0.306,0.435,0.382,15.0,28.9,25.7,0.224,0.332,0.304,47.2
390,"Allen, Logan",671106,CLE,ST,Sweeper,-0.4,-2,474,22.2,128,0.263,0.381,0.325,29.9,29.7,19.6,0.222,0.321,0.269,23.8
391,"Bieber, Shane",669456,CLE,FC,Cutter,-0.2,-1,526,26.9,128,0.316,0.465,0.391,29.3,8.6,16.2,0.321,0.503,0.389,37.9
392,"Wood, Alex",622072,SF,SL,Slider,-1.4,-6,446,26.1,128,0.288,0.441,0.362,25.0,19.5,16.3,0.259,0.44,0.339,37.5
393,"Rogers, Taylor",573124,SF,ST,Sweeper,1.1,5,471,56.5,128,0.165,0.33,0.287,32.6,30.5,25.3,0.173,0.32,0.273,31.5
394,"Leiter Jr., Mark",643410,CHC,FS,Split-Finger,0.3,1,359,34.0,128,0.134,0.223,0.217,48.2,50.8,30.1,0.127,0.232,0.216,31.3
395,"Wood, Alex",622072,SF,CH,Changeup,-0.3,-1,500,29.3,128,0.273,0.388,0.317,15.4,7.8,9.2,0.3,0.422,0.321,33.6
396,"Richards, Trevor",670950,TOR,FF,4-Seam Fastball,-1.5,-9,587,43.4,127,0.33,0.538,0.42,20.9,21.3,15.0,0.262,0.481,0.374,52.5
397,"Montero, Rafael",606160,HOU,FF,4-Seam Fastball,0.3,2,615,49.1,127,0.227,0.427,0.334,34.6,35.4,22.2,0.217,0.435,0.33,49.2
398,"Merryweather, Julian",657240,CHC,SL,Slider,1.4,9,605,49.3,127,0.205,0.303,0.238,45.3,39.4,24.5,0.198,0.291,0.229,29.2
399,"Gibson, Kyle",502043,BAL,FC,Cutter,-1.3,-6,504,16.6,127,0.345,0.552,0.398,15.4,6.3,13.1,0.323,0.488,0.368,35.4
400,"Ramírez, Yohan",670990,CWS,SI,Sinker,-0.5,-2,502,70.3,127,0.288,0.385,0.389,15.5,10.2,11.4,0.259,0.359,0.344,36.3
401,"Fried, Max",608331,ATL,FF,4-Seam Fastball,0.9,4,431,34.6,127,0.287,0.409,0.335,17.6,17.3,19.6,0.261,0.382,0.309,36.2
402,"Bassitt, Chris",605135,TOR,FC,Cutter,-1.3,-6,481,15.3,126,0.274,0.496,0.355,25.3,27.8,19.4,0.243,0.447,0.313,41.0
403,"Boyd, Matthew",571510,DET,FF,4-Seam Fastball,-0.6,-3,455,38.6,126,0.281,0.509,0.37,29.5,23.0,22.8,0.263,0.482,0.349,42.4
404,"Assad, Javier",665871,CHC,FC,Cutter,1.1,5,468,27.4,126,0.218,0.418,0.338,18.0,11.9,17.4,0.275,0.477,0.366,44.2
405,"Baumann, Mike",657508,BAL,FF,4-Seam Fastball,0.0,0,550,51.4,126,0.225,0.402,0.355,22.4,15.1,13.2,0.262,0.486,0.385,45.9
406,"Cruz, Fernando",518585,CIN,FS,Split-Finger,2.7,11,402,35.9,125,0.094,0.154,0.152,56.7,64.0,33.5,0.093,0.137,0.137,24.3
407,"Seabold, Connor",657756,COL,SL,Slider,-2.7,-13,476,30.5,125,0.313,0.616,0.423,26.2,14.4,10.7,0.255,0.475,0.339,37.5
408,"Flaherty, Jack",656427,BAL,CU,Curveball,0.1,1,512,19.4,125,0.204,0.372,0.282,40.2,33.6,21.8,0.221,0.326,0.274,29.2
409,"Greinke, Zack",425844,KC,SL,Slider,0.7,3,444,20.0,125,0.214,0.282,0.249,23.1,20.0,15.7,0.231,0.33,0.272,25.8
410,"Valdez, Framber",664285,HOU,CH,Changeup,0.1,0,464,15.7,125,0.231,0.342,0.299,31.1,23.2,26.9,0.259,0.385,0.301,36.3
411,"Rea, Colin",607067,MIL,FC,Cutter,-0.4,-2,533,26.4,125,0.248,0.524,0.379,29.4,11.2,13.7,0.267,0.494,0.377,38.7
412,"Ginkel, Kevin",656464,AZ,SL,Slider,1.6,7,454,43.0,124,0.162,0.248,0.202,40.4,37.1,25.6,0.161,0.23,0.191,37.0
413,"Pérez, Eury",691587,MIA,SL,Slider,1.9,9,473,30.8,124,0.183,0.365,0.261,47.7,39.5,28.5,0.164,0.3,0.227,34.3
414,"Verlander, Justin",434378,HOU,CU,Curveball,0.3,1,520,20.0,123,0.241,0.328,0.284,24.4,21.1,16.7,0.226,0.318,0.259,26.7
415,"Davies, Zach",605200,AZ,SI,Sinker,-1.9,-9,487,32.5,123,0.381,0.552,0.449,9.6,9.8,12.9,0.347,0.518,0.416,43.6
416,"Gore, MacKenzie",669022,WSH,CU,Curveball,-1.1,-5,463,18.8,123,0.257,0.416,0.331,37.9,34.1,24.3,0.23,0.396,0.297,40.3
417,"Wheeler, Zack",554430,PHI,FC,Cutter,-0.3,-1,453,14.4,123,0.27,0.426,0.332,22.8,17.9,16.4,0.291,0.439,0.337,34.4
418,"Berríos, José",621244,TOR,FF,4-Seam Fastball,0.6,4,599,20.4,123,0.254,0.456,0.325,27.6,22.0,20.0,0.275,0.501,0.345,51.7
419,"Bello, Brayan",678394,BOS,FF,4-Seam Fastball,-1.4,-8,540,20.6,122,0.31,0.646,0.424,19.9,18.0,12.4,0.285,0.559,0.374,46.7
420,"Graterol, Brusdar",660813,LAD,SI,Sinker,3.2,13,405,43.6,122,0.224,0.284,0.266,9.4,18.0,23.7,0.23,0.286,0.248,30.9
421,"Taillon, Jameson",592791,CHC,ST,Sweeper,1.1,4,380,15.0,122,0.233,0.333,0.255,27.4,27.9,20.9,0.209,0.32,0.231,24.1
422,"Peguero, Elvis",665625,MIL,SL,Slider,0.1,0,465,50.9,122,0.209,0.291,0.274,41.0,30.3,23.7,0.22,0.322,0.273,35.1
423,"King, Michael",650633,NYY,ST,Sweeper,-0.7,-4,493,29.3,122,0.264,0.455,0.348,39.5,29.5,22.6,0.226,0.367,0.299,26.7
424,"Lyles, Jordan",543475,KC,SI,Sinker,-1.2,-4,370,13.1,121,0.255,0.462,0.353,15.6,16.5,20.8,0.28,0.475,0.366,40.7
425,"Santos, Gregory",666619,CWS,SI,Sinker,-1.7,-8,459,43.8,121,0.339,0.477,0.4,21.0,14.9,16.5,0.288,0.37,0.326,38.5
426,"Carrasco, Carlos",471911,NYM,FF,4-Seam Fastball,-1.1,-6,512,32.3,121,0.358,0.651,0.462,16.6,8.3,8.4,0.33,0.593,0.427,51.0
427,"Weathers, Ryan",677960,MIA,FF,4-Seam Fastball,-1.9,-11,591,55.1,121,0.35,0.592,0.438,20.6,19.0,15.1,0.235,0.405,0.326,42.7
428,"Pressly, Ryan",519151,HOU,SL,Slider,1.7,7,411,40.1,121,0.184,0.316,0.252,35.0,25.6,27.0,0.245,0.393,0.285,43.5
429,"Walker, Ryan",676254,SF,SI,Sinker,0.7,4,535,49.6,121,0.279,0.356,0.333,17.5,22.3,21.1,0.232,0.307,0.287,23.8
430,"Anderson, Chase",502624,COL,FF,4-Seam Fastball,-2.1,-10,452,31.2,121,0.351,0.619,0.466,17.3,13.2,15.1,0.304,0.572,0.43,44.6
431,"Dunning, Dane",641540,TEX,CH,Changeup,-0.7,-3,421,15.6,121,0.301,0.478,0.367,25.8,12.4,13.8,0.28,0.445,0.335,32.7
432,"Littell, Zack",641793,TB,SL,Slider,0.9,4,428,32.2,121,0.27,0.47,0.342,17.9,7.4,15.8,0.309,0.497,0.357,45.8
433,"Contreras, Roansy",672710,PIT,FF,4-Seam Fastball,-3.3,-15,459,40.2,121,0.381,0.598,0.476,9.7,9.9,13.3,0.338,0.579,0.451,54.0
434,"Manoah, Alek",666201,TOR,FF,4-Seam Fastball,-2.1,-10,490,29.0,120,0.316,0.592,0.437,24.4,18.3,15.4,0.29,0.596,0.427,54.5
435,"Olson, Reese",681857,DET,FF,4-Seam Fastball,0.6,3,496,28.5,120,0.171,0.381,0.304,15.8,22.5,15.9,0.264,0.583,0.395,42.3
436,"Kelly, Merrill",518876,AZ,SI,Sinker,0.6,2,342,12.2,120,0.261,0.378,0.31,16.3,20.0,25.0,0.291,0.442,0.343,48.9
437,"Kaprielian, James",621076,OAK,FF,4-Seam Fastball,-0.7,-3,451,41.3,120,0.202,0.384,0.329,25.2,19.2,16.0,0.219,0.446,0.348,49.4
438,"Weaver, Luke",596133,NYY,CH,Changeup,-1.3,-6,452,20.0,120,0.316,0.547,0.383,32.3,26.7,21.5,0.275,0.412,0.304,30.6
439,"Hand, Brad",543272,ATL,ST,Sweeper,-0.6,-3,483,49.8,119,0.236,0.415,0.314,28.6,32.8,20.2,0.214,0.317,0.27,29.0
440,"Lively, Ben",594902,CIN,FF,4-Seam Fastball,-2.4,-10,444,32.1,119,0.362,0.667,0.472,18.1,10.1,13.8,0.327,0.613,0.431,37.6
441,"Stripling, Ross",548389,SF,SL,Slider,-0.1,0,424,29.2,119,0.274,0.487,0.344,17.9,11.8,13.9,0.295,0.554,0.374,47.5
442,"Pearson, Nate",663878,TOR,FF,4-Seam Fastball,1.0,5,456,61.9,119,0.229,0.381,0.313,24.3,20.2,21.1,0.233,0.421,0.325,51.9
443,"Faedo, Alex",656412,DET,FF,4-Seam Fastball,0.6,3,502,48.5,119,0.2,0.438,0.325,12.4,15.1,12.8,0.262,0.513,0.369,42.5
444,"Sims, Lucas",608371,CIN,FF,4-Seam Fastball,0.8,4,460,43.5,119,0.191,0.36,0.321,23.1,26.1,21.4,0.195,0.361,0.324,37.5
445,"Morgan, Eli",669212,CLE,CH,Changeup,0.8,3,377,31.4,118,0.236,0.327,0.286,30.8,32.2,23.3,0.215,0.321,0.256,23.3
446,"Díaz, Alexis",664747,CIN,FF,4-Seam Fastball,-1.1,-6,564,48.5,118,0.239,0.359,0.354,30.6,24.6,24.8,0.218,0.356,0.336,46.2
447,"Graveman, Kendall",608665,HOU,SI,Sinker,0.7,3,439,39.4,118,0.26,0.5,0.386,16.8,8.5,12.7,0.309,0.493,0.397,36.7
448,"Stripling, Ross",548389,SF,CH,Changeup,-2.5,-9,360,24.8,118,0.305,0.508,0.359,28.9,22.0,17.1,0.296,0.482,0.331,29.3
449,"Peterson, David",656849,NYM,SI,Sinker,0.9,5,498,25.3,118,0.314,0.486,0.399,16.5,11.9,20.9,0.303,0.45,0.364,47.3
450,"Pérez, Martín",527048,TEX,FC,Cutter,-2.6,-13,492,22.1,118,0.342,0.64,0.431,11.7,11.9,14.3,0.321,0.614,0.409,42.9
451,"Megill, Tylor",656731,NYM,SL,Slider,0.0,0,460,20.6,118,0.264,0.445,0.332,31.1,27.1,18.0,0.265,0.474,0.337,39.2
452,"Kremer, Dean",665152,BAL,SI,Sinker,1.3,6,425,14.5,118,0.269,0.38,0.317,8.1,12.7,19.7,0.307,0.456,0.359,40.9
453,"Beck, Tristan",663941,SF,FF,4-Seam Fastball,2.7,13,476,36.7,117,0.17,0.189,0.218,17.4,15.4,16.5,0.234,0.361,0.296,37.5
454,"Davies, Zach",605200,AZ,CH,Changeup,-1.9,-7,371,24.8,117,0.275,0.477,0.34,37.2,28.2,23.6,0.256,0.413,0.309,37.7
455,"Wilson, Bryse",669060,MIL,SI,Sinker,0.1,0,403,34.9,117,0.31,0.5,0.398,12.8,17.1,22.0,0.28,0.445,0.353,42.2
456,"Hernandez, Jose",669796,PIT,SL,Slider,1.5,7,481,55.9,117,0.17,0.259,0.216,39.5,42.7,29.8,0.176,0.258,0.21,23.8
457,"Bummer, Aaron",607481,CWS,ST,Sweeper,1.1,5,418,38.0,117,0.16,0.245,0.23,44.8,46.2,29.2,0.152,0.221,0.216,30.8
458,"Payamps, Joel",606303,MIL,SL,Slider,1.0,5,490,43.8,117,0.192,0.279,0.26,28.6,31.6,21.6,0.196,0.269,0.247,27.5
459,"Medina, Luis",665622,OAK,SL,Slider,-1.2,-6,462,23.8,117,0.233,0.456,0.349,48.2,40.2,26.9,0.202,0.339,0.284,50.9
460,"Bielak, Brandon",656232,HOU,FF,4-Seam Fastball,-1.7,-7,423,30.5,117,0.276,0.51,0.415,16.0,16.2,17.4,0.262,0.496,0.379,54.4
461,"Ortiz, Luis L.",682847,PIT,SI,Sinker,2.1,9,414,28.3,117,0.291,0.34,0.323,13.5,4.3,15.6,0.323,0.483,0.378,51.0
462,"Yates, Kirby",489446,ATL,FS,Split-Finger,1.9,9,471,44.5,116,0.16,0.22,0.243,34.3,29.3,22.2,0.222,0.327,0.295,34.3
463,"Sears, JP",676664,OAK,CH,Changeup,0.4,2,434,15.1,116,0.277,0.438,0.337,22.5,9.5,13.1,0.31,0.518,0.364,44.6
464,"Gray, Josiah",680686,WSH,SI,Sinker,-0.5,-3,483,17.2,116,0.313,0.385,0.383,13.8,11.2,10.7,0.318,0.483,0.404,38.6
465,"Bummer, Aaron",607481,CWS,SI,Sinker,-0.8,-4,498,45.3,115,0.323,0.452,0.403,15.4,9.6,12.4,0.297,0.397,0.372,54.2
466,"Doval, Camilo",666808,SF,SL,Slider,1.6,7,412,36.2,115,0.173,0.296,0.276,49.3,41.7,31.4,0.156,0.277,0.254,29.4
467,"Wesneski, Hayden",669713,CHC,FF,4-Seam Fastball,-1.6,-7,438,29.6,115,0.327,0.636,0.438,16.5,15.7,14.5,0.326,0.633,0.423,49.4
468,"Freeland, Kyle",607536,COL,FF,4-Seam Fastball,0.1,0,444,18.4,115,0.239,0.431,0.32,12.7,8.7,9.7,0.251,0.388,0.287,35.6
469,"Woodford, Jake",663765,STL,SI,Sinker,-0.3,-1,456,50.2,114,0.299,0.536,0.401,11.0,12.3,13.9,0.305,0.511,0.394,47.1
470,"Gomber, Austin",596295,COL,CH,Changeup,-0.2,-1,390,18.1,114,0.296,0.509,0.36,19.9,7.0,10.5,0.277,0.477,0.336,32.7
471,"Muller, Kyle",666205,OAK,SL,Slider,-0.8,-3,368,25.3,114,0.293,0.475,0.362,24.2,15.8,16.8,0.276,0.487,0.362,29.4
472,"Blanco, Ronel",669854,HOU,SL,Slider,1.5,7,440,48.6,114,0.189,0.321,0.26,42.6,28.1,21.6,0.197,0.326,0.256,23.0
473,"Honeywell, Brent",641703,CWS,FF,4-Seam Fastball,-0.3,-1,444,47.1,114,0.27,0.416,0.386,16.1,11.4,11.4,0.319,0.509,0.428,50.6
474,"McHugh, Collin",543521,ATL,FC,Cutter,0.0,0,466,45.8,113,0.33,0.392,0.37,22.6,9.7,11.7,0.309,0.409,0.363,31.0
475,"Ginkel, Kevin",656464,AZ,FF,4-Seam Fastball,-0.1,0,499,47.3,113,0.229,0.375,0.319,24.2,19.5,15.0,0.252,0.472,0.357,38.7
476,"Sandlin, Nick",680704,CLE,SL,Slider,1.5,7,500,49.6,113,0.154,0.356,0.253,38.5,29.2,19.9,0.167,0.32,0.239,25.0
477,"Minter, A.J.",621345,ATL,FC,Cutter,-0.7,-3,413,38.9,113,0.255,0.377,0.309,37.6,33.6,28.6,0.232,0.369,0.284,34.8
478,"Webb, Jacob",657097,BAL,FF,4-Seam Fastball,1.6,7,450,48.5,113,0.185,0.326,0.304,29.7,27.4,23.1,0.238,0.408,0.349,54.8
479,"Scherzer, Max",453286,TEX,SL,Slider,-0.2,-1,414,16.8,113,0.25,0.545,0.336,36.4,29.2,22.6,0.245,0.464,0.301,35.4
480,"Alzolay, Adbert",640470,CHC,SL,Slider,2.2,10,433,45.0,113,0.194,0.311,0.26,40.6,33.6,24.7,0.213,0.333,0.264,34.3
481,"Cabrera, Edward",665795,MIA,CU,Curveball,-1.0,-4,420,23.3,113,0.24,0.38,0.319,38.0,45.1,33.1,0.185,0.3,0.263,44.9
482,"Varland, Louie",686973,MIN,FF,4-Seam Fastball,0.4,2,466,42.7,113,0.267,0.533,0.37,23.7,26.5,20.7,0.235,0.447,0.316,53.3
483,"Yarbrough, Ryan",642232,LAD,CU,Curveball,-0.1,0,371,26.1,112,0.208,0.386,0.296,38.2,34.8,22.5,0.206,0.365,0.287,27.4
484,"Marsh, Alec",679525,KC,FF,4-Seam Fastball,-0.2,-1,500,37.3,112,0.256,0.523,0.41,25.8,28.6,23.4,0.241,0.489,0.394,41.8
485,"Gray, Sonny",543243,MIN,CU,Curveball,0.9,4,476,16.9,112,0.257,0.371,0.307,28.2,19.6,19.5,0.263,0.421,0.316,43.4
486,"Skubal, Tarik",669373,DET,FF,4-Seam Fastball,2.3,10,438,36.0,112,0.206,0.299,0.248,25.6,37.5,25.6,0.19,0.289,0.226,43.1
487,"Taillon, Jameson",592791,CHC,CU,Curveball,-0.4,-1,377,14.9,112,0.198,0.349,0.269,20.0,27.7,19.5,0.215,0.423,0.289,40.3
488,"Gallegos, Giovanny",606149,STL,SL,Slider,-0.6,-3,409,46.3,112,0.214,0.447,0.319,50.6,31.3,22.2,0.228,0.417,0.305,36.2
489,"Tonkin, Michael",543859,ATL,SL,Slider,0.1,0,478,37.3,112,0.196,0.304,0.277,30.4,24.1,14.8,0.212,0.286,0.255,30.3
490,"Ottavino, Adam",493603,NYM,SI,Sinker,0.7,3,386,37.7,111,0.242,0.374,0.343,16.6,21.6,20.9,0.227,0.366,0.332,50.7
491,"Gallegos, Giovanny",606149,STL,FF,4-Seam Fastball,-0.2,-1,443,50.2,111,0.267,0.448,0.32,20.1,21.6,17.5,0.267,0.454,0.319,56.6
492,"Phillips, Evan",623465,LAD,ST,Sweeper,2.9,12,416,45.5,111,0.111,0.194,0.165,42.1,43.2,29.4,0.169,0.267,0.196,37.7
493,"Cease, Dylan",656302,CWS,CU,Curveball,-2.4,-12,495,15.2,111,0.298,0.538,0.386,24.9,20.7,19.8,0.292,0.514,0.362,42.7
494,"Peralta, Wandy",593974,NYY,CH,Changeup,0.9,4,390,44.4,111,0.185,0.337,0.323,36.8,24.3,21.6,0.243,0.386,0.343,32.3
495,"Karinchak, James",675916,CLE,FF,4-Seam Fastball,-1.4,-6,413,56.3,111,0.222,0.407,0.367,24.7,25.2,20.3,0.259,0.497,0.412,49.1
496,"Liberatore, Matthew",669461,STL,FF,4-Seam Fastball,-0.5,-2,406,38.3,111,0.305,0.486,0.359,16.0,14.4,18.4,0.321,0.564,0.392,46.1
497,"Waldichuk, Ken",686610,OAK,CH,Changeup,-1.0,-4,423,16.6,111,0.34,0.515,0.377,37.4,16.2,19.1,0.289,0.452,0.332,34.1
498,"Loup, Aaron",571901,LAA,SI,Sinker,-0.8,-4,452,54.0,110,0.361,0.505,0.427,12.3,16.4,15.3,0.274,0.467,0.359,43.0
499,"Stroman, Marcus",573186,CHC,SV,Slurve,0.6,3,506,23.0,110,0.24,0.38,0.302,30.1,30.9,22.4,0.253,0.411,0.314,38.8
500,"Syndergaard, Noah",592789,CLE,CH,Changeup,-2.4,-7,311,22.1,110,0.286,0.571,0.376,21.8,19.1,17.2,0.303,0.561,0.379,34.5
501,"Gomber, Austin",596295,COL,CU,Curveball,-0.8,-3,362,16.8,110,0.226,0.358,0.284,28.0,34.5,21.5,0.217,0.374,0.266,44.1
502,"Ragans, Cole",666142,KC,CH,Changeup,2.8,11,376,23.7,110,0.152,0.192,0.212,34.4,22.7,19.7,0.195,0.277,0.249,20.0
503,"Greinke, Zack",425844,KC,CH,Changeup,-0.8,-3,369,16.6,110,0.241,0.37,0.273,20.7,17.3,14.4,0.271,0.355,0.276,36.7
504,"Corbin, Patrick",571578,WSH,FF,4-Seam Fastball,-0.8,-4,493,16.9,110,0.327,0.541,0.376,12.1,6.4,7.3,0.358,0.702,0.452,54.6
505,"Cosgrove, Tom",676680,SD,ST,Sweeper,1.0,4,437,52.2,110,0.153,0.265,0.238,27.7,27.3,17.9,0.151,0.239,0.226,16.2
506,"Kirby, George",669923,SEA,SL,Slider,1.1,6,556,19.7,110,0.264,0.377,0.298,22.0,12.7,9.8,0.271,0.368,0.286,28.0
507,"Smith, Will",519293,TEX,SL,Slider,3.9,17,432,50.1,110,0.12,0.213,0.152,39.6,39.1,27.9,0.151,0.23,0.173,23.1
508,"Walker, Taijuan",592836,PHI,FC,Cutter,-0.5,-3,500,17.6,110,0.284,0.441,0.343,15.8,10.0,11.5,0.268,0.38,0.297,31.2
509,"Garrett, Braxton",666129,MIA,FC,Cutter,1.7,7,440,17.7,110,0.243,0.477,0.314,24.7,17.3,20.2,0.315,0.573,0.383,48.9
510,"Megill, Trevor",656730,MIL,FF,4-Seam Fastball,0.2,1,432,72.1,110,0.281,0.406,0.33,25.4,26.4,23.2,0.234,0.389,0.31,40.0
511,"Winckowski, Josh",670174,BOS,FC,Cutter,1.1,5,444,32.1,109,0.273,0.333,0.315,32.7,25.7,28.3,0.229,0.294,0.271,29.6
512,"Ramírez, Erasmo",541640,TB,FC,Cutter,-1.8,-7,416,43.2,109,0.354,0.556,0.4,17.0,11.9,16.5,0.307,0.515,0.369,47.2
513,"Bradish, Kyle",680694,BAL,FF,4-Seam Fastball,-1.4,-8,592,22.4,109,0.366,0.602,0.456,15.0,11.9,10.3,0.337,0.562,0.427,53.8
514,"Wells, Tyler",669330,BAL,CH,Changeup,0.1,0,353,18.5,109,0.196,0.382,0.282,32.8,26.6,20.7,0.209,0.356,0.269,19.2
515,"Kelly, Kevin",687330,TB,ST,Sweeper,0.0,0,436,40.9,109,0.212,0.288,0.248,27.5,22.0,14.6,0.198,0.278,0.226,22.5
516,"Castro, Miguel",612434,AZ,SL,Slider,0.9,4,420,41.7,108,0.171,0.333,0.235,33.8,30.6,23.4,0.194,0.36,0.246,23.6
517,"France, J.P.",641585,HOU,FC,Cutter,0.5,2,417,18.9,108,0.317,0.446,0.35,22.0,11.1,15.8,0.28,0.458,0.322,33.3
518,"Floro, Dylan",571670,MIN,SI,Sinker,0.0,0,306,31.8,108,0.344,0.396,0.377,8.7,21.3,25.0,0.253,0.31,0.295,45.2
519,"Bard, Daniel",453268,COL,SL,Slider,-0.3,-1,423,45.3,108,0.224,0.471,0.353,25.4,25.9,20.1,0.237,0.509,0.373,32.3
520,"Lively, Ben",594902,CIN,SI,Sinker,1.0,3,303,21.9,108,0.257,0.416,0.316,15.3,29.6,27.6,0.22,0.356,0.275,34.8
521,"Llovera, Mauricio",661440,BOS,SI,Sinker,0.3,1,392,63.1,108,0.245,0.287,0.314,10.6,16.7,15.8,0.26,0.37,0.321,46.8
522,"Houser, Adrian",605288,MIL,FF,4-Seam Fastball,0.3,1,441,23.8,108,0.227,0.34,0.293,23.7,25.9,16.4,0.198,0.354,0.276,54.3
523,"Martinez, Nick",607259,SD,SI,Sinker,0.6,2,393,22.4,108,0.293,0.333,0.306,8.8,10.2,11.6,0.31,0.414,0.338,30.0
524,"Castro, Miguel",612434,AZ,SI,Sinker,0.1,0,428,42.5,107,0.256,0.411,0.349,15.6,12.1,19.7,0.274,0.408,0.353,33.3
525,"Cisnero, José",542585,DET,FF,4-Seam Fastball,-0.6,-2,363,36.8,107,0.216,0.432,0.357,25.6,31.8,24.1,0.23,0.433,0.354,35.2
526,"Baker, Bryan",641329,BAL,FF,4-Seam Fastball,-0.8,-3,445,56.7,107,0.267,0.467,0.363,22.4,25.2,18.2,0.253,0.425,0.342,48.5
527,"Glasnow, Tyler",607192,TB,CU,Curveball,1.4,6,404,21.3,107,0.095,0.19,0.137,52.2,68.2,29.6,0.107,0.198,0.145,45.5
528,"Hudson, Dakota",641712,STL,SL,Slider,-1.4,-6,423,32.1,107,0.258,0.43,0.331,39.3,31.8,22.5,0.238,0.442,0.326,45.2
529,"Soto, Gregory",642397,PHI,SI,Sinker,1.6,7,418,43.3,107,0.209,0.275,0.295,21.4,15.0,20.0,0.223,0.305,0.291,31.6
530,"Jackson, Andre",656578,PIT,FF,4-Seam Fastball,1.1,5,446,44.6,107,0.222,0.367,0.327,19.1,18.7,17.5,0.259,0.444,0.357,47.2
531,"Long, Sam",669674,OAK,FF,4-Seam Fastball,-1.3,-5,384,49.5,106,0.348,0.522,0.402,15.7,13.2,12.1,0.319,0.534,0.392,43.2
532,"Quintana, Jose",500779,NYM,SI,Sinker,2.9,12,397,32.3,106,0.196,0.25,0.264,13.5,16.0,16.8,0.246,0.386,0.323,42.1
533,"Shuster, Jared",694363,ATL,FF,4-Seam Fastball,-1.4,-5,381,44.1,106,0.311,0.489,0.399,9.9,11.3,12.6,0.311,0.474,0.394,45.6
534,"Woodruff, Brandon",605540,MIL,FF,4-Seam Fastball,1.1,5,428,41.0,106,0.177,0.385,0.279,31.4,43.4,23.7,0.17,0.292,0.243,48.0
535,"Jackson, Luke",592426,SF,SL,Slider,1.2,4,367,69.9,106,0.2,0.3,0.269,27.4,30.2,24.4,0.196,0.318,0.245,33.8
536,"Beck, Tristan",663941,SF,ST,Sweeper,-2.0,-6,284,21.9,106,0.25,0.452,0.314,30.8,29.2,22.0,0.205,0.341,0.24,26.0
537,"Quantrill, Cal",615698,CLE,FC,Cutter,-1.3,-5,411,24.0,106,0.33,0.495,0.378,22.1,12.3,14.3,0.298,0.496,0.364,40.0
538,"Woo, Bryan",693433,SEA,SI,Sinker,1.1,4,369,25.5,106,0.213,0.372,0.314,20.8,16.0,16.2,0.234,0.339,0.293,28.2
539,"Muñoz, Andrés",662253,SEA,SL,Slider,0.7,3,406,48.6,106,0.23,0.36,0.287,48.3,39.6,29.6,0.197,0.294,0.238,34.5
540,"Ferrer, Jose A.",678606,WSH,FF,4-Seam Fastball,-0.6,-3,402,71.9,105,0.287,0.426,0.35,13.0,15.2,15.8,0.259,0.367,0.313,42.3
541,"Syndergaard, Noah",592789,CLE,SI,Sinker,-1.6,-6,366,26.0,105,0.363,0.593,0.435,13.8,8.6,15.0,0.328,0.527,0.407,46.4
542,"Davidson, Tucker",656353,KC,SL,Slider,-0.6,-2,375,44.3,105,0.34,0.485,0.377,23.1,16.2,16.5,0.335,0.492,0.374,37.0
543,"Scherzer, Max",453286,TEX,CH,Changeup,-0.2,-1,347,14.1,105,0.207,0.283,0.267,27.5,28.6,15.9,0.199,0.278,0.268,27.0
544,"Suárez, Ranger",624133,PHI,FF,4-Seam Fastball,-0.8,-4,434,21.5,105,0.304,0.478,0.377,21.9,22.9,22.9,0.29,0.504,0.37,45.7
545,"Kelly, Merrill",518876,AZ,FC,Cutter,0.2,1,508,18.1,105,0.22,0.352,0.311,24.4,23.8,21.9,0.229,0.367,0.309,26.9
546,"Littell, Zack",641793,TB,FF,4-Seam Fastball,1.0,4,415,31.2,105,0.26,0.44,0.323,22.0,28.6,21.0,0.224,0.429,0.29,50.7
547,"Devenski, Chris",606965,TB,CH,Changeup,-0.4,-1,350,51.5,105,0.227,0.361,0.271,36.0,29.5,23.3,0.224,0.375,0.276,30.0
548,"Dunning, Dane",641540,TEX,FC,Cutter,1.1,6,538,20.0,105,0.258,0.393,0.339,23.1,13.3,15.9,0.253,0.405,0.337,28.9
549,"Sewald, Paul",623149,AZ,ST,Sweeper,0.1,0,444,42.8,105,0.191,0.394,0.287,30.9,31.4,20.6,0.175,0.304,0.248,27.4
550,"Lucchesi, Joey",664192,NYM,SI,Sinker,1.3,5,360,51.7,105,0.295,0.474,0.365,14.8,11.4,18.8,0.308,0.558,0.397,44.6
551,"Jackson, Andre",656578,PIT,CH,Changeup,-2.2,-7,320,32.0,105,0.273,0.566,0.38,29.7,24.8,22.8,0.295,0.533,0.369,39.7
552,"Speier, Gabe",642100,SEA,SI,Sinker,1.0,3,358,45.8,104,0.296,0.439,0.34,18.6,14.4,20.5,0.279,0.414,0.319,37.3
553,"Maeda, Kenta",628317,MIN,SL,Slider,-1.8,-7,378,22.2,104,0.247,0.577,0.366,27.2,24.0,21.6,0.215,0.438,0.301,37.5
554,"Civale, Aaron",650644,TB,SI,Sinker,1.8,7,372,18.5,104,0.202,0.292,0.284,14.4,19.2,17.9,0.234,0.322,0.305,34.8
555,"Barlow, Scott",605130,SD,SL,Slider,1.6,7,444,37.1,104,0.191,0.292,0.255,35.9,27.9,24.4,0.189,0.266,0.247,21.9
556,"Erceg, Lucas",668674,OAK,SI,Sinker,0.1,0,319,30.3,104,0.28,0.354,0.369,28.9,15.4,25.4,0.206,0.266,0.305,26.9
557,"Weems, Jordan",607179,WSH,FF,4-Seam Fastball,0.3,1,444,48.3,104,0.198,0.523,0.369,24.3,23.1,26.1,0.264,0.567,0.398,40.6
558,"Weems, Jordan",607179,WSH,SL,Slider,1.1,5,399,43.4,104,0.204,0.323,0.267,28.4,29.8,23.3,0.206,0.335,0.264,40.0
559,"Miller, Bobby",676272,LAD,SI,Sinker,1.6,6,376,19.2,104,0.258,0.382,0.34,17.8,12.5,18.6,0.27,0.404,0.345,40.3
560,"Faedo, Alex",656412,DET,SL,Slider,-0.4,-1,394,38.1,104,0.192,0.364,0.283,41.3,30.8,21.1,0.179,0.32,0.233,22.4
561,"Allen, Logan",671106,CLE,CH,Changeup,1.2,5,454,21.3,104,0.191,0.223,0.231,33.0,29.8,19.4,0.215,0.285,0.252,38.5
562,"Fairbanks, Pete",664126,TB,FF,4-Seam Fastball,0.9,3,363,49.5,103,0.151,0.279,0.264,29.6,40.8,31.1,0.141,0.259,0.252,37.8
563,"Gore, MacKenzie",669022,WSH,SL,Slider,0.5,2,449,18.2,103,0.213,0.415,0.306,37.5,27.2,21.9,0.26,0.48,0.346,43.9
564,"Wilson, Bryse",669060,MIL,FC,Cutter,2.1,8,401,34.7,103,0.165,0.33,0.239,23.6,13.6,21.9,0.26,0.451,0.316,36.9
565,"Manoah, Alek",666201,TOR,SL,Slider,-1.8,-9,507,30.0,103,0.239,0.432,0.352,28.6,28.2,14.3,0.191,0.305,0.289,32.2
566,"Megill, Tylor",656731,NYM,CH,Changeup,-0.5,-2,334,14.9,103,0.264,0.396,0.333,24.1,15.5,18.0,0.262,0.389,0.329,30.7
567,"Detmers, Reid",672282,LAA,CU,Curveball,0.9,4,505,19.4,103,0.191,0.326,0.285,28.6,29.1,19.7,0.174,0.259,0.256,16.9
568,"Iglesias, Raisel",628452,ATL,CH,Changeup,1.6,5,307,35.3,103,0.182,0.313,0.232,40.8,35.9,32.5,0.166,0.265,0.197,27.0
569,"Ober, Bailey",641927,MIN,SL,Slider,-0.9,-4,457,19.6,103,0.255,0.48,0.338,32.9,30.1,17.6,0.249,0.463,0.319,37.3
570,"Blackburn, Paul",621112,OAK,SL,Slider,0.6,2,340,18.1,102,0.198,0.308,0.258,34.4,30.4,21.1,0.218,0.345,0.27,22.2
571,"Beck, Tristan",663941,SF,SL,Slider,0.2,1,430,33.1,102,0.309,0.489,0.386,23.0,13.7,20.3,0.296,0.496,0.361,42.0
572,"Clarke, Taylor",664199,KC,SL,Slider,0.8,3,395,37.0,102,0.242,0.429,0.329,32.3,24.5,20.3,0.193,0.369,0.287,39.4
573,"Bradley, Taj",671737,TB,FC,Cutter,-1.4,-6,451,24.8,102,0.312,0.581,0.4,29.5,19.6,22.5,0.284,0.501,0.359,51.4
574,"Brash, Matt",666374,SEA,FF,4-Seam Fastball,-0.1,-1,439,33.7,102,0.346,0.481,0.423,26.3,23.5,22.0,0.27,0.399,0.378,53.4
575,"Toussaint, Touki",657053,CWS,FF,4-Seam Fastball,-1.6,-6,375,23.5,102,0.294,0.426,0.427,21.7,17.6,19.6,0.281,0.474,0.43,50.0
576,"Winn, Keaton",676775,SF,FS,Split-Finger,0.3,1,329,55.4,102,0.221,0.347,0.271,34.4,22.5,22.3,0.221,0.355,0.271,42.5
577,"Toussaint, Touki",657053,CWS,SI,Sinker,-0.1,0,422,26.5,102,0.3,0.412,0.384,9.5,7.8,12.1,0.286,0.463,0.385,32.9
578,"Bibee, Tanner",676440,CLE,CH,Changeup,1.3,5,386,16.6,102,0.213,0.298,0.277,37.8,33.3,26.4,0.181,0.278,0.237,23.3
579,"Minter, A.J.",621345,ATL,FF,4-Seam Fastball,1.4,7,501,47.2,102,0.211,0.367,0.293,25.0,27.5,19.7,0.224,0.412,0.319,42.9
580,"Almonte, Yency",622075,LAD,ST,Sweeper,1.1,4,401,50.1,101,0.156,0.281,0.211,47.9,42.6,31.6,0.177,0.276,0.218,30.2
581,"Abreu, Bryan",650556,HOU,FF,4-Seam Fastball,1.1,5,499,41.2,101,0.165,0.259,0.248,37.3,30.7,26.3,0.186,0.322,0.277,35.1
582,"Urquidy, José",664353,HOU,FF,4-Seam Fastball,-0.9,-4,421,38.4,101,0.287,0.632,0.428,19.2,8.9,8.3,0.305,0.597,0.422,50.0
583,"Musgrove, Joe",605397,SD,FF,4-Seam Fastball,2.2,8,379,24.5,101,0.205,0.273,0.265,22.2,22.8,16.5,0.217,0.296,0.277,27.3
584,"Anderson, Chase",502624,COL,FC,Cutter,1.3,5,381,26.3,101,0.244,0.444,0.33,22.6,15.8,19.3,0.23,0.392,0.305,25.3
585,"Elder, Bryce",693821,ATL,FF,4-Seam Fastball,-0.2,-1,378,13.3,101,0.289,0.5,0.365,19.6,12.9,13.3,0.297,0.492,0.365,39.2
586,"Toussaint, Touki",657053,CWS,CU,Curveball,1.9,9,459,28.8,100,0.115,0.184,0.189,35.6,35.0,21.2,0.201,0.279,0.268,35.2
587,"Smith, Will",519293,TEX,FF,4-Seam Fastball,-1.3,-4,336,38.9,100,0.303,0.494,0.381,12.4,11.0,11.7,0.3,0.538,0.392,47.4
588,"Eovaldi, Nathan",543135,TEX,FC,Cutter,1.6,6,393,17.6,100,0.238,0.417,0.335,19.8,11.0,20.8,0.279,0.469,0.368,36.0
589,"Young, Alex",622065,CIN,CH,Changeup,-0.3,-1,314,35.8,100,0.196,0.37,0.288,39.9,34.0,28.6,0.199,0.326,0.26,46.6
590,"Ortiz, Luis L.",682847,PIT,FF,4-Seam Fastball,-3.9,-14,363,24.8,100,0.392,0.722,0.516,15.8,13.0,11.3,0.374,0.822,0.526,60.3
591,"Soto, Gregory",642397,PHI,SL,Slider,0.7,3,377,39.0,100,0.16,0.362,0.248,49.0,37.0,24.3,0.165,0.289,0.215,32.8
